title,location,number students,students staff ratio,perc intl students,gender ratio
University of Oxford,United Kingdom,"20,774",11.1,41%,46 : 54
Stanford University,United States,"16,223",7.4,23%,44 : 56
Harvard University,United States,"21,261",9.3,25%,49 : 51
California Institute of Technology,United States,"2,238",6.3,33%,36 : 64
Massachusetts Institute of Technology,United States,"11,276",8.4,34%,39 : 61
University of Cambridge,United Kingdom,"19,370",11.0,38%,47 : 53
"University of California, Berkeley",United States,"39,918",19.8,17%,51 : 49
Yale University,United States,"12,910",6.0,20%,50 : 50
Princeton University,United States,"8,091",8.0,23%,46 : 54
The University of Chicago,United States,"14,292",5.9,31%,46 : 54
Imperial College London,United Kingdom,"17,176",11.6,58%,39 : 61
Johns Hopkins University,United States,"16,432",4.4,27%,52 : 48
University of Pennsylvania,United States,"20,771",6.4,21%,52 : 48
ETH Zurich,Switzerland,"19,632",13.1,40%,32 : 68
"University of California, Los Angeles",United States,"41,673",10.0,17%,55 : 45
UCL,United Kingdom,"34,590",10.8,55%,57 : 43
Columbia University,United States,"27,384",5.7,39%,n/a
University of Toronto,Canada,"74,502",20.0,22%,59 : 41
Cornell University,United States,"23,016",10.2,25%,50 : 50
Duke University,United States,"15,489",4.3,21%,49 : 51
Tsinghua University,China,"37,484",11.6,13%,34 : 66
University of Michigan-Ann Arbor,United States,"43,873",8.3,17%,50 : 50
Peking University,China,"38,583",11.1,16%,43 : 57
Northwestern University,United States,"18,529",13.0,19%,49 : 51
National University of Singapore,Singapore,"30,943",18.0,26%,50 : 50
New York University,United States,"44,474",8.8,34%,57 : 43
London School of Economics and Political Science,United Kingdom,"10,660",12.0,72%,54 : 46
Carnegie Mellon University,United States,"14,058",13.7,48%,43 : 57
University of Washington,United States,"46,258",10.7,17%,53 : 47
University of Edinburgh,United Kingdom,"30,649",12.1,42%,60 : 40
University of Melbourne,Australia,"50,094",27.0,48%,57 : 43
LMU Munich,Germany,"34,249",33.6,17%,61 : 39
"University of California, San Diego",United States,"34,232",12.0,30%,47 : 53
University of British Columbia,Canada,"53,123",18.7,32%,55 : 45
King’s College London,United Kingdom,"27,400",12.4,46%,62 : 38
Karolinska Institute,Sweden,"7,696",8.8,26%,68 : 32
The University of Tokyo,Japan,"25,935",10.6,13%,n/a
Georgia Institute of Technology,United States,"26,043",23.6,27%,33 : 67
University of Hong Kong,Hong Kong,"18,135",18.2,43%,54 : 46
McGill University,Canada,"31,578",12.8,31%,59 : 41
Technical University of Munich,Germany,"32,377",39.8,31%,36 : 64
Heidelberg University,Germany,"20,020",14.5,18%,54 : 46
École Polytechnique Fédérale de Lausanne,Switzerland,"10,942",12.2,60%,29 : 71
University of Texas at Austin,United States,"49,510",16.9,10%,52 : 48
KU Leuven,Belgium,"45,617",36.1,15%,50 : 50
Paris Sciences et Lettres – PSL Research University Paris,France,"20,701",14.7,24%,46 : 54
"Nanyang Technological University, Singapore",Singapore,"23,902",14.8,25%,48 : 52
University of Illinois at Urbana-Champaign,United States,"45,980",17.8,24%,48 : 52
University of Wisconsin-Madison,United States,"39,451",9.8,13%,n/a
Washington University in St Louis,United States,"13,693",7.5,21%,n/a
University of Manchester,United Kingdom,"36,557",14.4,41%,53 : 47
University of Sydney,Australia,"46,453",19.4,43%,58 : 42
University of Southern California,United States,"41,953",13.0,23%,49 : 51
Boston University,United States,"26,510",11.1,28%,59 : 41
Kyoto University,Japan,"22,935",9.3,11%,25 : 75
Chinese University of Hong Kong,Hong Kong,"18,675",19.3,33%,n/a
The Hong Kong University of Science and Technology,Hong Kong,"9,976",21.6,30%,n/a
University of North Carolina at Chapel Hill,United States,"30,956",8.2,8%,58 : 42
Australian National University,Australia,"18,801",17.8,47%,53 : 47
Seoul National University,South Korea,"26,757",15.1,11%,n/a
Brown University,United States,"9,695",10.8,20%,n/a
The University of Queensland,Australia,"40,389",35.5,38%,55 : 45
Wageningen University & Research,Netherlands,"14,356",21.0,27%,54 : 46
"University of California, Davis",United States,"36,395",13.6,17%,58 : 42
Monash University,Australia,"57,406",41.7,43%,57 : 43
University of Amsterdam,Netherlands,"24,747",12.8,24%,57 : 43
UNSW Sydney,Australia,"46,234",41.0,44%,47 : 53
"University of California, Santa Barbara",United States,"24,780",28.2,18%,53 : 47
McMaster University,Canada,"25,285",30.5,18%,55 : 45
Fudan University,China,"32,597",11.2,13%,52 : 48
Leiden University,Netherlands,"30,178",19.0,18%,59 : 41
Erasmus University Rotterdam,Netherlands,"26,453",26.8,22%,50 : 50
University of Montreal,Canada,"36,774",20.2,21%,n/a
University of Zurich,Switzerland,"22,960",14.8,21%,57 : 43
Charité - Universitätsmedizin Berlin,Germany,"7,431",17.4,20%,65 : 35
Utrecht University,Netherlands,"32,022",14.0,10%,58 : 42
University of Warwick,United Kingdom,"21,777",13.3,41%,49 : 51
Delft University of Technology,Netherlands,"19,594",17.4,31%,30 : 70
University of Tübingen,Germany,"27,590",36.6,14%,58 : 42
University of Groningen,Netherlands,"28,392",23.9,23%,51 : 49
Humboldt University of Berlin,Germany,"33,388",56.3,18%,n/a
Ohio State University (Main campus),United States,"54,650",12.1,13%,50 : 50
University of Freiburg,Germany,"14,878",32.5,21%,54 : 46
University of Copenhagen,Denmark,"30,746",4.2,17%,62 : 38
Emory University,United States,"12,923",4.0,20%,59 : 41
University of Minnesota,United States,"61,994",12.4,11%,53 : 47
École Polytechnique,France,"2,850",5.6,44%,23 : 77
University of Science and Technology of China,China,"16,434",7.2,5%,n/a
Sorbonne University,France,"43,585",12.8,20%,58 : 42
"University of Maryland, College Park",United States,"33,671",16.6,11%,48 : 52
University of Bristol,United Kingdom,"22,981",14.5,28%,55 : 45
University of Basel,Switzerland,"9,229",12.3,30%,55 : 45
University of Glasgow,United Kingdom,"26,533",14.7,38%,59 : 41
Purdue University West Lafayette,United States,"41,573",16.3,22%,43 : 57
Zhejiang University,China,"33,825",10.8,23%,23 : 77
Korea Advanced Institute of Science and Technology (KAIST),South Korea,"9,514",10.4,9%,20 : 80
National Taiwan University (NTU),Taiwan,"24,880",9.9,12%,43 : 57
"University of California, Irvine",United States,"35,040",17.5,27%,52 : 48
University of Helsinki,Finland,"22,137",15.9,5%,66 : 34
Shanghai Jiao Tong University,China,"38,556",11.9,11%,39 : 61
Dartmouth College,United States,"6,336",7.6,15%,48 : 52
Sungkyunkwan University (SKKU),South Korea,"23,340",19.5,18%,43 : 57
Ghent University,Belgium,"37,587",36.1,11%,56 : 44
Lund University,Sweden,"27,443",11.3,19%,55 : 45
Michigan State University,United States,"44,618",16.1,15%,51 : 49
Aarhus University,Denmark,"26,318",13.8,10%,55 : 45
University of Birmingham,United Kingdom,"30,193",14.8,30%,57 : 43
RWTH Aachen University,Germany,"45,256",58.4,23%,32 : 68
University of Bern,Switzerland,"11,417",16.8,16%,57 : 43
Queen Mary University of London,United Kingdom,"19,365",13.6,45%,55 : 45
Nanjing University,China,"37,475",17.5,9%,49 : 51
Uppsala University,Sweden,"25,112",15.8,18%,58 : 42
Vanderbilt University,United States,"12,139",3.0,15%,54 : 46
University of Bonn,Germany,"37,439",70.2,13%,56 : 44
Penn State (Main campus),United States,"46,682",11.0,15%,47 : 53
Vrije Universiteit Amsterdam,Netherlands,"25,443",18.0,13%,58 : 42
University of Virginia (Main campus),United States,"24,879",9.0,13%,52 : 48
University of Adelaide,Australia,"21,054",30.7,29%,49 : 51
Free University of Berlin,Germany,"36,380",59.2,22%,59 : 41
Georgetown University,United States,"16,451",8.5,19%,55 : 45
Case Western Reserve University,United States,"10,774",9.1,23%,50 : 50
Maastricht University,Netherlands,"17,326",18.4,54%,60 : 40
University of Sheffield,United Kingdom,"26,765",15.5,35%,52 : 48
University of Arizona,United States,"39,635",18.0,9%,52 : 48
Rice University,United States,"6,805",9.2,28%,42 : 58
City University of Hong Kong,Hong Kong,"9,510",10.8,51%,54 : 46
University of Oslo,Norway,"20,737",12.2,17%,62 : 38
University of Southampton,United Kingdom,"23,498",14.3,35%,53 : 47
Hong Kong Polytechnic University,Hong Kong,"22,778",25.4,27%,51 : 49
University of Göttingen,Germany,"30,894",28.0,13%,51 : 49
University of Alberta,Canada,"32,846",21.5,27%,55 : 45
University of Colorado Boulder,United States,"34,481",16.1,11%,44 : 56
University of Pittsburgh-Pittsburgh campus,United States,"26,761",5.7,11%,53 : 47
University of York,United Kingdom,"16,881",15.0,25%,57 : 43
University of Hamburg,Germany,"30,649",58.7,12%,57 : 43
Lancaster University,United Kingdom,"13,047",12.4,37%,51 : 49
University of Paris,France,"63,219",17.7,18%,64 : 36
Radboud University Nijmegen,Netherlands,"20,752",17.3,16%,57 : 43
The University of Western Australia,Australia,"18,253",22.5,29%,48 : 52
Indiana University,United States,"67,054",15.0,15%,51 : 49
University of Mannheim,Germany,"10,593",78.3,18%,n/a
Technical University of Berlin,Germany,"22,695",60.8,26%,34 : 66
Ulm University,Germany,"10,503",28.4,13%,49 : 51
University of Würzburg,Germany,"23,887",38.2,10%,56 : 44
University of Cologne,Germany,"34,630",35.0,18%,n/a
University of Ottawa,Canada,"35,140",24.6,20%,58 : 42
University of Auckland,New Zealand,"32,596",22.6,31%,56 : 44
University of Rochester,United States,"10,017",4.9,34%,49 : 51
Durham University,United Kingdom,"17,090",15.2,31%,55 : 45
University of Geneva,Switzerland,"17,271",16.0,38%,61 : 39
Pohang University of Science and Technology (POSTECH),South Korea,"3,034",9.7,3%,24 : 76
University of Florida,United States,"46,632",16.1,9%,56 : 44
Pompeu Fabra University,Spain,"11,914",22.9,13%,60 : 40
TU Dresden,Germany,"31,103",32.9,15%,43 : 57
University of Cape Town,South Africa,"21,647",11.7,17%,54 : 46
Trinity College Dublin,Ireland,"17,154",21.4,32%,59 : 41
Tufts University,United States,"11,024",9.7,16%,55 : 45
Bielefeld University,Germany,"24,890",71.5,8%,57 : 43
University of Nottingham,United Kingdom,"30,798",15.0,29%,54 : 46
University of Leeds,United Kingdom,"31,461",14.3,30%,60 : 40
University of Sussex,United Kingdom,"16,259",15.8,37%,55 : 45
University of Technology Sydney,Australia,"26,529",41.7,36%,51 : 49
University of Liverpool,United Kingdom,"25,168",14.6,33%,55 : 45
Université Catholique de Louvain,Belgium,"26,462",39.7,20%,53 : 47
University of Vienna,Austria,"32,650",38.5,28%,65 : 35
"Rutgers, the State University of New Jersey",United States,"44,264",11.0,17%,52 : 48
University of Bologna,Italy,"67,298",24.4,12%,56 : 44
Korea University,South Korea,"22,666",16.6,22%,n/a
University of Alabama at Birmingham,United States,"18,211",17.3,6%,63 : 37
University of Antwerp,Belgium,"15,272",31.2,17%,55 : 45
University of Leicester,United Kingdom,"15,551",14.7,32%,53 : 47
University of Notre Dame,United States,"12,149",10.9,12%,46 : 54
Sant’Anna School of Advanced Studies – Pisa,Italy,661,10.0,20%,36 : 64
University of Exeter,United Kingdom,"22,007",17.0,28%,54 : 46
Lomonosov Moscow State University,Russian Federation,"28,525",8.4,32%,52 : 48
Northeastern University,United States,"20,711",14.1,36%,48 : 52
Ulsan National Institute of Science and Technology (UNIST),South Korea,"3,983",14.3,8%,27 : 73
University of Aberdeen,United Kingdom,"12,863",16.6,42%,57 : 43
Newcastle University,United Kingdom,"24,089",14.6,27%,51 : 49
Paris-Saclay University,France,"28,618",14.6,16%,55 : 45
Scuola Normale Superiore di Pisa,Italy,557,6.7,11%,29 : 71
Autonomous University of Barcelona,Spain,"31,284",12.5,17%,59 : 41
Stockholm University,Sweden,"27,200",19.1,10%,n/a
Arizona State University (Tempe),United States,"45,827",19.7,20%,43 : 57
University of Canberra,Australia,"10,304",37.4,35%,n/a
Queensland University of Technology,Australia,"35,555",42.0,17%,53 : 47
Eindhoven University of Technology,Netherlands,"9,469",21.3,23%,n/a
George Washington University,United States,"23,788",13.4,17%,60 : 40
Technical University of Denmark,Denmark,"9,412",6.7,25%,31 : 69
Yonsei University (Seoul campus),South Korea,"17,745",14.7,22%,48 : 52
Cardiff University,United Kingdom,"25,898",14.1,28%,59 : 41
University of Gothenburg,Sweden,"19,616",9.8,13%,n/a
University of Lausanne,Switzerland,"12,685",8.8,24%,n/a
Tel Aviv University,Israel,"22,635",22.3,7%,56 : 44
Macquarie University,Australia,"29,835",65.5,29%,53 : 47
University of Münster,Germany,"44,580",42.9,8%,n/a
Texas A&M University,United States,"62,070",24.4,8%,47 : 53
University of Barcelona,Spain,"45,494",15.0,11%,62 : 38
University of Erlangen-Nuremberg,Germany,"38,052",57.3,12%,49 : 51
University of Calgary,Canada,"31,863",17.6,21%,54 : 46
University of East Anglia,United Kingdom,"15,757",13.8,27%,59 : 41
Queen’s University Belfast,United Kingdom,"18,438",17.2,36%,56 : 44
Aalborg University,Denmark,"16,227",13.4,14%,n/a
Aalto University,Finland,"12,506",18.6,24%,37 : 63
University of Bath,United Kingdom,"14,410",16.2,33%,46 : 54
University of Bergen,Norway,"14,297",12.4,13%,60 : 40
Brandeis University,United States,"5,346",12.7,27%,58 : 42
"University of California, Santa Cruz",United States,"19,457",23.8,12%,49 : 51
Chalmers University of Technology,Sweden,"8,325",11.9,17%,32 : 68
Copenhagen Business School,Denmark,"16,312",30.7,25%,48 : 52
Curtin University,Australia,"30,130",20.5,32%,52 : 48
University of Duisburg-Essen,Germany,"42,744",53.6,19%,48 : 52
University of Dundee,United Kingdom,"12,247",17.5,22%,63 : 37
Griffith University,Australia,"33,645",28.6,17%,58 : 42
University of Hawai’i at Mānoa,United States,"14,732",10.6,10%,57 : 43
Hebrew University of Jerusalem,Israel,"16,105",11.9,5%,57 : 43
University of Hohenheim,Germany,"9,235",42.5,15%,57 : 43
Howard University,United States,"8,766",9.3,8%,67 : 33
University of Iowa,United States,"29,406",11.6,10%,53 : 47
James Cook University,Australia,"11,198",21.0,11%,64 : 36
Karlsruhe Institute of Technology,Germany,"26,886",27.9,23%,28 : 72
King Abdulaziz University,Saudi Arabia,"31,869",7.8,22%,54 : 46
KTH Royal Institute of Technology,Sweden,"13,482",16.5,20%,33 : 67
La Trobe University,Australia,"22,303",31.9,30%,64 : 36
Université Libre de Bruxelles,Belgium,"24,157",42.1,31%,56 : 44
University of Luxembourg,Luxembourg,"4,858",19.0,51%,52 : 48
University of Massachusetts,United States,"61,958",13.3,15%,48 : 52
Medical University of Graz,Austria,"3,541",12.1,25%,52 : 48
Medical University of Innsbruck,Austria,"3,080",11.0,44%,52 : 48
Medical University of Vienna,Austria,"7,466",8.8,30%,52 : 48
University of Miami,United States,"16,179",6.3,16%,52 : 48
Moscow Institute of Physics and Technology (MIPT),Russian Federation,"5,736",11.4,18%,25 : 75
University of Otago,New Zealand,"18,571",20.4,21%,59 : 41
RCSI University of Medicine and Health Sciences,Ireland,"2,355",23.1,65%,n/a
University of Reading,United Kingdom,"15,207",15.8,31%,57 : 43
"St George’s, University of London",United Kingdom,"3,425",12.0,21%,62 : 38
University of São Paulo,Brazil,"82,961",16.1,4%,47 : 53
Sapienza University of Rome,Italy,"77,496",22.9,7%,57 : 43
University of South Florida (Tampa),United States,"34,839",19.2,15%,n/a
University of St Andrews,United Kingdom,"9,614",12.8,47%,58 : 42
Télécom Paris,France,897,5.4,43%,19 : 81
Tilburg University,Netherlands,"9,380",24.0,16%,47 : 53
Tohoku University,Japan,"17,752",11.7,12%,27 : 73
University of Twente,Netherlands,"8,207",14.4,35%,37 : 63
University of Utah,United States,"30,692",14.8,8%,48 : 52
Virginia Polytechnic Institute and State University,United States,"34,155",18.4,14%,43 : 57
University of Waterloo,Canada,"32,804",22.8,21%,47 : 53
Western University,Canada,"29,865",22.8,18%,56 : 44
University of the Witwatersrand,South Africa,"27,839",25.8,7%,55 : 45
University of Wollongong,Australia,"18,517",30.5,29%,52 : 48
Alfaisal University,Saudi Arabia,"2,640",10.2,34%,60 : 40
Auckland University of Technology,New Zealand,"17,909",17.1,49%,59 : 41
Australian Catholic University,Australia,"24,087",46.3,13%,73 : 27
Brighton and Sussex Medical School,United Kingdom,900,9.3,14%,59 : 41
University at Buffalo,United States,"26,341",17.5,16%,44 : 56
"University of California, Riverside",United States,"22,498",17.7,14%,53 : 47
University of Cincinnati,United States,"29,309",20.5,9%,51 : 49
Dalhousie University,Canada,"15,651",13.3,26%,54 : 46
Deakin University,Australia,"41,341",33.9,26%,57 : 43
École des Ponts ParisTech,France,"2,059",11.5,43%,31 : 69
École Normale Supérieure de Lyon,France,"2,362",9.0,13%,48 : 52
Flinders University,Australia,"17,167",25.4,40%,64 : 36
Florida State University,United States,"38,368",25.8,7%,57 : 43
Friedrich Schiller University Jena,Germany,"17,063",20.1,14%,n/a
George Mason University,United States,"30,500",18.1,11%,53 : 47
Goethe University Frankfurt,Germany,"46,481",19.2,16%,57 : 43
HSE University,Russian Federation,"25,268",14.8,11%,n/a
University of Illinois at Chicago,United States,"27,031",11.5,20%,52 : 48
Jacobs University,Germany,"1,353",18.8,76%,43 : 57
University of Kiel,Germany,"27,181",22.3,8%,53 : 47
University of Konstanz,Germany,"11,553",51.1,13%,55 : 45
Kyung Hee University,South Korea,"20,862",17.5,23%,54 : 46
Université Laval,Canada,"28,874",17.2,13%,58 : 42
Macau University of Science and Technology,Macao,"10,596",24.9,84%,56 : 44
University of Navarra,Spain,"11,329",14.9,24%,54 : 46
University of Newcastle,Australia,"23,221",21.7,18%,55 : 45
University of New Mexico (Main campus),United States,"18,277",16.3,5%,56 : 44
Nova Southeastern University,United States,"17,101",21.2,6%,70 : 30
Oregon Health and Science University,United States,"2,999",1.0,3%,66 : 34
University of Padua,Italy,"46,900",21.7,7%,55 : 45
University of Potsdam,Germany,"20,668",55.0,12%,57 : 43
Queen’s University,Canada,"24,354",26.1,14%,58 : 42
Ruhr University Bochum,Germany,"42,954",59.5,15%,49 : 51
Simon Fraser University,Canada,"26,778",27.5,30%,55 : 45
University of Southern Denmark,Denmark,"22,544",12.7,14%,53 : 47
Southern University of Science and Technology (SUSTech),China,"3,656",9.0,1%,n/a
State University of New York Albany,United States,"16,078",16.6,9%,53 : 47
Stellenbosch University,South Africa,"24,525",25.9,8%,56 : 44
Sun Yat-sen University,China,"53,734",16.1,8%,50 : 50
University of Surrey,United Kingdom,"14,315",16.3,38%,54 : 46
Swansea University,United Kingdom,"17,353",16.5,22%,45 : 55
University of Tartu,Estonia,"8,735",11.9,10%,68 : 32
Università della Svizzera Italiana,Switzerland,"2,713",10.3,67%,49 : 51
University College Dublin,Ireland,"23,148",23.2,30%,n/a
Vita-Salute San Raffaele University,Italy,"2,880",9.8,4%,60 : 40
Vrije Universiteit Brussel,Belgium,"12,041",29.8,23%,55 : 45
Wake Forest University,United States,"7,804",4.1,10%,54 : 46
Western Sydney University,Australia,"34,750",37.8,20%,56 : 44
William & Mary,United States,"8,278",11.1,9%,56 : 44
American University of Beirut,Lebanon,"8,603",8.4,22%,51 : 49
Anglia Ruskin University ARU,United Kingdom,"18,932",24.0,33%,64 : 36
Autonomous University of Madrid,Spain,"29,825",13.5,14%,61 : 39
Beijing Normal University,China,"23,365",14.9,11%,n/a
Boston College,United States,"12,921",15.5,11%,54 : 46
"University of California, Merced",United States,"7,849",21.2,9%,51 : 49
University of Colorado Denver,United States,"17,112",4.0,8%,56 : 44
Cyprus University of Technology,Cyprus,"3,176",17.4,11%,55 : 45
University of Delaware,United States,"21,564",17.1,10%,57 : 43
University of Essex,United Kingdom,"12,435",15.6,38%,53 : 47
University of Greifswald,Germany,"10,179",21.0,7%,56 : 44
Huazhong University of Science and Technology,China,"56,941",16.3,6%,36 : 64
Illinois Institute of Technology,United States,"6,092",14.5,49%,36 : 64
Indian Institute of Science,India,"4,038",9.3,1%,27 : 73
Johannes Gutenberg University of Mainz,Germany,"31,773",25.7,11%,59 : 41
University of Kent,United Kingdom,"17,843",19.3,30%,53 : 47
University of Klagenfurt,Austria,"3,361",10.1,23%,69 : 31
Kurdistan University of Medical Sciences,Iran,"2,927",11.0,1%,51 : 49
University of Macau,Macao,"9,343",14.0,36%,56 : 44
University of Malaya,Malaysia,"15,794",8.3,20%,65 : 35
University of Marburg,Germany,"24,527",32.6,12%,55 : 45
Montpellier University,France,"39,703",19.7,15%,53 : 47
"National University of Ireland, Galway",Ireland,"14,453",26.6,18%,58 : 42
North Carolina State University,United States,"29,966",12.5,15%,46 : 54
University of Oregon,United States,"22,019",10.6,10%,54 : 46
University of Oulu,Finland,"9,822",26.6,7%,53 : 47
University of Passau,Germany,"11,249",91.4,14%,59 : 41
Peter the Great St Petersburg Polytechnic University,Russian Federation,"16,768",9.2,31%,39 : 61
Qatar University,Qatar,"8,808",9.2,37%,75 : 25
Reykjavík University,Iceland,"2,501",23.4,9%,46 : 54
RMIT University,Australia,"33,427",23.1,33%,48 : 52
"Royal Holloway, University of London",United Kingdom,"9,686",14.7,35%,58 : 42
Rush University,United States,"2,624",2.2,2%,74 : 26
Sejong University,South Korea,"12,207",20.2,11%,46 : 54
University of South Australia,Australia,"20,930",30.6,20%,58 : 42
University of Stirling,United Kingdom,"9,548",16.7,24%,63 : 37
Stony Brook University,United States,"24,593",10.6,23%,50 : 50
Syracuse University,United States,"20,484",15.0,20%,53 : 47
Taipei Medical University,Taiwan,"6,112",9.8,10%,58 : 42
Tampere University,Finland,"15,267",21.8,6%,52 : 48
Technical University of Darmstadt,Germany,"17,814",39.8,17%,31 : 69
Temple University,United States,"36,398",13.1,9%,53 : 47
The University of Tennessee-Knoxville,United States,"26,184",16.6,5%,n/a
University of Texas at Dallas,United States,"23,587",20.8,23%,43 : 57
Tokyo Institute of Technology,Japan,"9,566",7.8,13%,15 : 85
University of Trento,Italy,"13,180",20.1,7%,51 : 49
Tulane University,United States,"11,224",9.1,11%,58 : 42
United Arab Emirates University,United Arab Emirates,"7,270",8.9,18%,83 : 17
University College Cork,Ireland,"17,051",17.6,19%,58 : 42
Washington State University,United States,"28,482",18.4,7%,53 : 47
Wuhan University,China,"53,956",15.2,7%,n/a
Aix-Marseille University,France,"68,841",16.7,13%,59 : 41
Babol Noshirvani University of Technology,Iran,"5,140",23.8,0%,34 : 66
University of Bayreuth,Germany,"9,162",30.5,12%,47 : 53
"Birkbeck, University of London",United Kingdom,"8,148",17.0,38%,54 : 46
Universiti Brunei Darussalam,Brunei Darussalam,"3,818",10.9,17%,65 : 35
Brunel University London,United Kingdom,"11,679",18.0,36%,47 : 53
Catholic University of Portugal,Portugal,"11,187",23.7,17%,62 : 38
Central South University,China,"53,277",19.1,3%,n/a
"City, University of London",United Kingdom,"14,786",18.5,51%,57 : 43
University of Crete,Greece,"13,649",24.5,5%,62 : 38
Drexel University,United States,"20,140",11.4,16%,51 : 49
East China Normal University,China,"27,085",14.5,13%,65 : 35
University of Fribourg,Switzerland,"10,888",31.7,18%,60 : 40
Grenoble Alpes University,France,"40,486",17.1,14%,53 : 47
Hanyang University,South Korea,"20,019",15.3,21%,n/a
Hasselt University,Belgium,"5,503",30.9,13%,48 : 52
Heriot-Watt University,United Kingdom,"9,420",18.0,36%,41 : 59
Hong Kong Baptist University,Hong Kong,"8,224",15.4,51%,71 : 29
IMT Atlantique,France,"1,628",8.6,43%,24 : 76
Indian Institute of Technology Ropar,India,"1,765",10.9,0%,16 : 84
University of Innsbruck,Austria,"13,492",22.8,42%,54 : 46
University of Kansas,United States,"24,467",9.9,9%,52 : 48
Khalifa University,United Arab Emirates,"3,164",9.7,19%,59 : 41
University of KwaZulu-Natal,South Africa,"36,731",28.8,4%,58 : 42
Lappeenranta-Lahti University of Technology LUT,Finland,"4,099",29.2,16%,31 : 69
University of Liège,Belgium,"20,968",25.9,20%,57 : 43
Loughborough University,United Kingdom,"14,802",13.7,27%,41 : 59
University of Manitoba,Canada,"28,786",28.9,18%,53 : 47
University of Milan,Italy,"45,752",20.9,6%,59 : 41
University of Milan-Bicocca,Italy,"27,098",29.4,6%,61 : 39
Nagoya University,Japan,"15,589",9.4,11%,30 : 70
Nankai University,China,"29,500",13.5,8%,n/a
National Tsing Hua University,Taiwan,"14,758",17.9,11%,42 : 58
Northumbria University,United Kingdom,"21,983",17.2,18%,55 : 45
NOVA University of Lisbon,Portugal,"19,976",18.3,19%,51 : 49
"University of Occupational and Environmental Health, Japan",Japan,"1,159",2.5,1%,52 : 48
Örebro University,Sweden,"9,434",16.9,6%,60 : 40
Osaka University,Japan,"22,867",7.4,12%,32 : 68
Polytechnic University of Milan,Italy,"36,828",25.4,18%,34 : 66
University of Stuttgart,Germany,"24,554",44.0,20%,33 : 67
Swedish University of Agricultural Sciences,Sweden,"3,720",4.4,4%,69 : 31
Swinburne University of Technology,Australia,"15,604",25.1,28%,35 : 65
University of Tasmania,Australia,"18,328",22.8,33%,60 : 40
University of Turku,Finland,"12,813",15.8,6%,63 : 37
UiT The Arctic University of Norway,Norway,"14,276",10.4,11%,58 : 42
Umeå University,Sweden,"17,055",12.4,11%,60 : 40
Université de Versailles Saint-Quentin-en-Yvelines,France,"16,699",21.2,16%,60 : 40
Victoria University,Australia,"15,838",44.1,28%,52 : 48
University of Victoria,Canada,"21,317",25.2,21%,55 : 45
Wayne State University,United States,"22,359",11.6,7%,57 : 43
Aberystwyth University,United Kingdom,"6,809",17.2,22%,51 : 49
University of Alaska Fairbanks,United States,"3,342",8.2,5%,52 : 48
American University,United States,"12,460",13.5,13%,63 : 37
Aston University,United Kingdom,"11,549",19.7,25%,48 : 52
Aswan University,Egypt,"25,114",40.9,2%,57 : 43
Bangor University,United Kingdom,"9,663",17.0,25%,59 : 41
University of Bari Aldo Moro,Italy,"29,396",21.1,1%,61 : 39
Bauman Moscow State Technical University,Russian Federation,"19,501",5.6,8%,29 : 71
University of Bordeaux,France,"54,812",22.4,13%,59 : 41
Bournemouth University,United Kingdom,"13,713",17.0,18%,55 : 45
University of Bremen,Germany,"18,843",32.3,13%,51 : 49
University of Brescia,Italy,"14,479",25.1,7%,45 : 55
University of Campinas,Brazil,"29,082",15.6,3%,47 : 53
Cankaya University,Turkey,"7,492",25.2,1%,45 : 55
University of Canterbury,New Zealand,"14,069",18.6,24%,50 : 50
Centrale Nantes,France,"1,776",16.5,48%,25 : 75
CEU Universities,Spain,"17,654",11.5,19%,63 : 37
Charles University in Prague,Czech Republic,"47,406",12.8,22%,62 : 38
"China Medical University, Taiwan",Taiwan,"7,633",16.9,9%,55 : 45
Clark University,United States,"3,045",11.5,23%,60 : 40
Colorado School of Mines,United States,"5,898",17.2,11%,30 : 70
"Colorado State University, Fort Collins",United States,"26,178",16.1,6%,53 : 47
University of Connecticut,United States,"27,996",13.2,11%,52 : 48
University of Denver,United States,"9,397",12.6,8%,57 : 43
University of Desarrollo,Chile,"15,213",18.6,3%,56 : 44
Diego Portales University,Chile,"17,234",14.7,2%,49 : 51
Durban University of Technology,South Africa,"23,432",33.3,1%,52 : 48
University of Eastern Finland,Finland,"11,742",18.8,6%,64 : 36
Edith Cowan University,Australia,"17,756",28.8,27%,60 : 40
Federal University of Toulouse Midi-Pyrénées,France,"104,479",16.5,14%,54 : 46
University of Florence,Italy,"36,497",21.0,10%,59 : 41
Florida International University,United States,"33,974",23.7,8%,58 : 42
Free University of Bozen-Bolzano,Italy,"3,891",11.9,12%,67 : 33
University of Genoa,Italy,"23,405",19.3,9%,56 : 44
University of Georgia,United States,"36,169",16.6,7%,57 : 43
Georgia State University,United States,"30,633",15.3,6%,58 : 42
"Goldsmiths, University of London",United Kingdom,"9,015",15.7,36%,66 : 34
Harbin Institute of Technology,China,"31,873",10.6,12%,30 : 70
Hunan University,China,"41,210",20.2,2%,47 : 53
University of Ibadan,Nigeria,"38,170",25.7,1%,47 : 53
University of Iceland,Iceland,"8,309",14.1,12%,66 : 34
Indian Institute of Technology Indore,India,"1,309",9.2,0%,17 : 83
Iowa State University,United States,"31,814",18.1,12%,44 : 56
Jordan University of Science and Technology,Jordan,"21,087",11.9,16%,57 : 43
Justus Liebig University Giessen,Germany,"28,039",44.5,10%,62 : 38
University of Jyväskylä,Finland,"10,262",14.6,4%,61 : 39
University of Kentucky,United States,"26,839",13.3,4%,56 : 44
King Saud University,Saudi Arabia,"38,189",10.1,10%,52 : 48
Koç University,Turkey,"5,440",16.0,6%,50 : 50
Kyushu University,Japan,"18,714",9.3,13%,28 : 72
Linköping University,Sweden,"18,628",11.2,11%,54 : 46
L’institut Agro,France,"2,120",10.9,16%,62 : 38
Liverpool John Moores University,United Kingdom,"20,201",16.9,15%,53 : 47
Makerere University,Uganda,"30,486",20.8,3%,52 : 48
Mansoura University,Egypt,"140,144",23.8,3%,58 : 42
Maynooth University,Ireland,"10,107",28.6,12%,56 : 44
Middlesex University,United Kingdom,"15,749",17.9,45%,60 : 40
Missouri University of Science and Technology,United States,"7,862",21.6,12%,24 : 76
Mizzou - University of Missouri,United States,"26,446",12.5,5%,53 : 47
University of Modena and Reggio Emilia,Italy,"18,741",26.8,6%,53 : 47
University of Naples Federico II,Italy,"50,375",19.7,2%,55 : 45
National and Kapodistrian University of Athens,Greece,"59,348",28.3,10%,62 : 38
National Research Nuclear University MEPhI,Russian Federation,"5,797",10.5,26%,34 : 66
National Yang-Ming University,Taiwan,"4,254",4.8,2%,49 : 51
University of Nebraska-Lincoln,United States,"24,677",16.6,12%,48 : 52
University of Neuchâtel,Switzerland,"4,138",12.7,25%,58 : 42
Norwegian University of Science and Technology,Norway,"36,050",15.5,8%,48 : 52
Oklahoma State University,United States,"22,047",15.4,7%,50 : 50
Oregon State University,United States,"25,824",16.6,11%,47 : 53
University of Pavia,Italy,"25,589",44.0,8%,56 : 44
University of Peradeniya,Sri Lanka,"17,301",11.5,1%,61 : 39
University of the Philippines,Philippines,"41,419",8.7,1%,54 : 46
University of Pisa,Italy,"32,974",21.1,6%,51 : 49
University of Plymouth,United Kingdom,"17,481",17.6,15%,55 : 45
Polytechnic University of Bari,Italy,"6,729",28.9,2%,32 : 68
Pontifical Javeriana University,Colombia,"29,281",15.3,1%,55 : 45
University of Porto,Portugal,"32,586",17.6,18%,55 : 45
University of Rome II – Tor Vergata,Italy,"25,893",13.8,13%,53 : 47
Royal Veterinary College,United Kingdom,"2,191",10.9,23%,79 : 21
University of St Gallen,Switzerland,"7,759",12.0,33%,35 : 65
Saint-Petersburg Mining University ,Russian Federation,"7,705",11.4,11%,40 : 60
University of Salerno,Italy,"25,123",27.5,2%,55 : 45
University of Sannio,Italy,"2,998",15.8,2%,51 : 49
University of Saskatchewan,Canada,"17,973",18.4,21%,55 : 45
Semmelweis University,Hungary,"10,945",9.4,32%,69 : 31
Sharif University of Technology,Iran,"8,742",20.1,2%,25 : 75
Shenzhen University,China,"35,396",14.5,1%,49 : 51
University of Siena,Italy,"13,232",17.6,9%,61 : 39
University of South Carolina-Columbia,United States,"32,445",16.4,6%,54 : 46
South China University of Technology,China,"40,581",13.4,5%,38 : 62
SRUC (Scotland’s Rural College),United Kingdom,"1,442",9.4,11%,54 : 46
University of Strathclyde,United Kingdom,"18,787",18.5,27%,50 : 50
Technion Israel Institute of Technology,Israel,"14,740",21.8,8%,37 : 63
Tianjin University,China,"37,405",14.5,7%,n/a
Tokyo Medical and Dental University (TMDU),Japan,"3,011",3.4,9%,50 : 50
Tongji University,China,"33,740",12.0,14%,45 : 55
University of Tsukuba,Japan,"16,633",13.4,20%,39 : 61
TU Dortmund University,Germany,"34,681",109.1,10%,45 : 55
The University of Tulsa,United States,"4,209",11.2,14%,46 : 54
University of Turin,Italy,"55,957",28.5,8%,61 : 39
TU Wien,Austria,"10,433",19.3,30%,29 : 71
University of Valencia,Spain,"49,822",14.4,12%,59 : 41
Verona University,Italy,"20,140",27.2,5%,65 : 35
University of the West of England,United Kingdom,"22,045",15.5,21%,54 : 46
Xi’an Jiaotong University,China,"36,551",12.5,7%,36 : 64
York University,Canada,"49,353",37.7,25%,57 : 43
Abdul Wali Khan University Mardan,Pakistan,"9,664",22.7,1%,29 : 71
Amirkabir University of Technology,Iran,"11,672",22.1,2%,36 : 64
University of L’Aquila,Italy,"17,322",39.5,4%,57 : 43
Universidad Autónoma de Chile,Chile,"24,541",23.2,1%,65 : 35
Bar-Ilan University,Israel,"16,587",17.5,5%,61 : 39
Beihang University,China,"30,172",13.2,7%,n/a
Beijing University of Chemical Technology,China,"25,739",24.7,4%,38 : 62
Beijing Institute of Technology,China,"31,964",13.6,8%,35 : 65
"Binghamton University, State University of New York",United States,"17,959",22.5,13%,49 : 51
Bond University,Australia,"3,498",10.2,47%,53 : 47
Carleton University,Canada,"28,350",30.2,21%,49 : 51
University of Catania,Italy,"26,838",21.9,3%,56 : 44
CentraleSupélec,France,"4,007",9.8,27%,21 : 79
Charles Darwin University,Australia,"6,219",23.7,30%,67 : 33
Claude Bernard University Lyon 1,France,"27,490",13.0,13%,53 : 47
Complutense University of Madrid,Spain,"61,732",20.1,12%,61 : 39
University of Costa Rica,Costa Rica,"34,776",15.0,2%,53 : 47
University of Côte d’Azur,France,"32,277",19.9,21%,55 : 45
University of Cyprus,Cyprus,"6,815",22.2,11%,64 : 36
Dublin City University,Ireland,"13,423",22.8,14%,56 : 44
University of Electronic Science and Technology of China,China,"32,932",15.3,3%,27 : 73
Ferhat Abbas Sétif University 1,Algeria,"35,899",24.3,1%,54 : 46
University of Ferrara,Italy,"17,025",27.9,7%,59 : 41
Fujita Health University,Japan,"3,065",3.1,0%,56 : 44
Graz University of Technology,Austria,"6,297",9.6,21%,24 : 76
University of Guelph,Canada,"22,384",28.4,9%,59 : 41
Gwangju Institute of Science and Technology,South Korea,"1,933",11.1,5%,25 : 75
Hacettepe University,Turkey,"51,530",22.6,3%,55 : 45
Hofstra University,United States,"10,042",13.5,9%,57 : 43
Hokkaido University,Japan,"18,483",8.3,12%,31 : 69
University of Houston,United States,"46,052",26.0,9%,50 : 50
University of Hull,United Kingdom,"13,813",17.8,18%,53 : 47
University of Insubria,Italy,"8,414",24.2,5%,55 : 45
Iran University of Medical Sciences,Iran,"8,660",8.7,4%,64 : 36
Iran University of Science and Technology,Iran,"14,067",32.3,1%,32 : 68
ITMO University,Russian Federation,"10,094",14.5,17%,36 : 64
Jagiellonian University,Poland,"38,054",10.5,9%,66 : 34
University of Kashan,Iran,"8,245",26.7,4%,53 : 47
Keele University,United Kingdom,"9,114",14.7,17%,57 : 43
King Fahd University of Petroleum and Minerals,Saudi Arabia,"6,948",6.8,11%,1 : 99
King Khalid University,Saudi Arabia,"39,665",8.7,9%,54 : 46
Lagos State University,Nigeria,"23,421",33.9,0%,44 : 56
Leibniz University Hannover,Germany,"28,742",58.4,16%,40 : 60
University of Limerick,Ireland,"14,708",25.1,19%,50 : 50
University of Lincoln,United Kingdom,"12,904",14.8,12%,55 : 45
University of Lisbon,Portugal,"49,019",17.9,15%,52 : 48
Louisiana State University,United States,"28,221",20.0,6%,53 : 47
Lviv Polytechnic National University,Ukraine,"21,840",10.4,1%,40 : 60
Mashhad University of Medical Sciences,Iran,"9,592",10.5,3%,59 : 41
Memorial University of Newfoundland,Canada,"15,253",13.9,20%,56 : 44
University of Messina,Italy,"15,857",15.9,2%,62 : 38
University of Montana,United States,"8,559",16.2,2%,57 : 43
Murdoch University,Australia,"15,009",31.4,42%,60 : 40
National Cheng Kung University (NCKU),Taiwan,"20,659",15.5,13%,37 : 63
National Chiao Tung University,Taiwan,"12,090",16.9,12%,30 : 70
National Taiwan University of Science and Technology (Taiwan Tech),Taiwan,"8,528",19.2,17%,30 : 70
University of Nebraska Medical Center,United States,"3,675",2.6,8%,64 : 36
New Jersey Institute of Technology,United States,"9,284",14.8,27%,26 : 74
Northern Arizona University,United States,"30,486",27.6,5%,61 : 39
North-West University,South Africa,"39,056",28.4,4%,60 : 40
Northwestern Polytechnical University,China,"27,813",13.2,4%,28 : 72
Universidad Peruana Cayetano Heredia,Peru,"6,281",10.4,2%,68 : 32
Polytechnic University of Turin,Italy,"29,006",31.3,15%,28 : 72
Pontifical Catholic University of Chile,Chile,"29,071",15.1,7%,n/a
University of Portsmouth,United Kingdom,"20,871",15.4,26%,46 : 54
Quaid-i-Azam University,Pakistan,"15,258",25.6,1%,66 : 34
Renmin University of China,China,"27,134",13.4,6%,n/a
Rensselaer Polytechnic Institute,United States,"7,417",14.5,21%,32 : 68
Sabancı University,Turkey,"3,687",20.7,9%,39 : 61
University of Sassari,Italy,"14,032",38.8,2%,63 : 37
Sciences Po,France,"12,435",46.1,36%,60 : 40
SOAS University of London,United Kingdom,"4,986",11.6,53%,66 : 34
Soochow University,China,"46,357",16.4,7%,56 : 44
Southeast University,China,"33,469",11.5,5%,40 : 60
University of Southern Queensland,Australia,"12,117",25.6,18%,59 : 41
Southwestern University of Finance and Economics,China,"23,766",16.8,3%,63 : 37
Stevens Institute of Technology,United States,"6,178",17.9,38%,29 : 71
University of Strasbourg,France,"47,732",19.0,20%,58 : 42
Suez Canal University,Egypt,"35,165",11.1,1%,58 : 42
Sumy State University,Ukraine,"9,288",10.0,14%,n/a
University of Tehran,Iran,"44,960",21.2,2%,44 : 56
Tehran University of Medical Sciences,Iran,"11,748",6.5,7%,58 : 42
Teikyo University,Japan,"23,031",16.6,3%,35 : 65
Télécom SudParis,France,960,11.3,34%,24 : 76
The University of Texas at San Antonio,United States,"25,892",25.1,4%,51 : 49
Tomsk State University,Russian Federation,"7,798",11.7,35%,n/a
University of Trieste,Italy,"16,217",24.7,9%,56 : 44
Universiti Tunku Abdul Rahman (UTAR),Malaysia,"17,626",15.1,2%,51 : 49
University of Tuscia,Italy,"6,672",20.6,2%,49 : 51
University of Urbino Carlo Bo,Italy,"14,432",40.3,6%,62 : 38
Victoria University of Wellington,New Zealand,"17,775",18.9,22%,57 : 43
University of Waikato,New Zealand,"10,257",19.0,29%,58 : 42
The University of the West Indies,Jamaica,"23,753",15.5,1%,70 : 30
University of the West of Scotland,United Kingdom,"12,499",22.8,22%,61 : 39
Xiamen University,China,"41,546",14.8,5%,47 : 53
Zhejiang Normal University,China,"23,939",10.8,6%,n/a
Åbo Akademi University,Finland,"5,230",17.0,14%,n/a
The University of Aizu,Japan,"1,190",11.6,7%,12 : 88
Ajou University,South Korea,"9,224",14.7,8%,n/a
University of Alabama,United States,"36,027",22.4,4%,56 : 44
University of Alabama in Huntsville,United States,"7,672",18.0,7%,44 : 56
Al-Balqa Applied University,Jordan,"31,019",30.3,5%,59 : 41
Amedeo Avogadro University of Eastern Piedmont,Italy,"13,747",36.3,7%,61 : 39
University of Antofagasta,Chile,"9,152",20.1,1%,53 : 47
Aristotle University of Thessaloniki,Greece,"47,827",28.6,5%,57 : 43
University of Arkansas,United States,"25,238",19.9,5%,53 : 47
Athens University of Economics and Business,Greece,"9,698",47.5,5%,46 : 54
Auburn University,United States,"26,838",19.0,9%,50 : 50
University of Aveiro,Portugal,"9,931",16.5,13%,51 : 49
University of the Balearic Islands,Spain,"11,133",11.8,7%,59 : 41
Banaras Hindu University,India,"15,121",11.4,3%,10 : 90
University of Beira Interior,Portugal,"7,180",16.1,18%,52 : 48
University of Belgrade,Serbia,"95,099",19.0,5%,61 : 39
University of Bergamo,Italy,"20,565",60.0,7%,61 : 39
Bilkent University,Turkey,"10,093",14.2,9%,46 : 54
Birmingham City University,United Kingdom,"20,817",18.0,24%,62 : 38
Boğaziçi University,Turkey,"13,772",24.5,3%,45 : 55
Université Bourgogne Franche-Comté (UBFC),France,"61,908",34.1,12%,54 : 46
University of Bradford,United Kingdom,"8,455",17.8,28%,57 : 43
University of Brighton,United Kingdom,"17,068",18.7,21%,60 : 40
Bucharest University of Economic Studies,Romania,"21,340",15.8,4%,63 : 37
Ca’ Foscari University of Venice,Italy,"16,187",26.3,10%,64 : 36
Cairo University,Egypt,"222,102",41.6,2%,48 : 52
University of Calabria,Italy,"26,745",33.0,3%,58 : 42
University of Central Florida,United States,"58,425",35.7,4%,56 : 44
Chapman University,United States,"8,792",12.8,7%,60 : 40
Institute of Chemical Technology,India,"2,278",19.1,0%,36 : 64
China Agricultural University,China,"20,609",12.0,1%,58 : 42
"China University of Petroleum, Beijing",China,"15,445",17.6,5%,n/a
Chongqing University,China,"42,095",20.6,5%,n/a
Chulalongkorn University,Thailand,"33,643",12.2,3%,59 : 41
Chung-Ang University,South Korea,"17,599",22.3,20%,n/a
Clemson University,United States,"22,236",16.1,7%,48 : 52
University of Clermont Auvergne,France,"35,625",20.9,14%,56 : 44
University of Coimbra,Portugal,"21,332",16.6,18%,57 : 43
COMSATS University Islamabad,Pakistan,"33,324",13.3,1%,28 : 72
Concordia University,Canada,"34,710",33.1,31%,50 : 50
Coventry University,United Kingdom,"29,609",14.6,45%,48 : 52
Creighton University,United States,"8,430",11.2,5%,58 : 42
Dalian University of Technology,China,"39,705",15.2,3%,35 : 65
University of Delhi,India,"24,725",25.5,1%,47 : 53
De Montfort University,United Kingdom,"21,134",19.9,30%,55 : 45
University of Deusto,Spain,"9,553",22.6,11%,60 : 40
École des Mines de Saint-Étienne,France,"1,110",9.0,25%,26 : 74
École normale supérieure Paris-Saclay,France,"1,850",12.2,16%,29 : 71
Edinburgh Napier University,United Kingdom,"10,384",18.1,31%,55 : 45
Eötvös Loránd University,Hungary,"27,199",14.8,10%,63 : 37
European University of Madrid,Spain,"10,307",10.3,31%,47 : 53
Ewha Womans University,South Korea,"14,824",17.2,13%,100 : 0
Federal University of Minas Gerais,Brazil,"43,833",12.2,2%,53 : 47
Federal University of Rio Grande do Sul,Brazil,"51,830",18.7,1%,51 : 49
Federal University of Santa Catarina,Brazil,"38,362",16.1,3%,48 : 52
Federal University of São Paulo (UNIFESP),Brazil,"14,526",5.3,1%,61 : 39
Federal University of Sergipe (UFS),Brazil,"25,821",15.0,0%,52 : 48
Gabriele d‘Annunzio University,Italy,"24,710",37.4,2%,64 : 36
University of Girona,Spain,"13,920",21.1,14%,58 : 42
Glasgow Caledonian University,United Kingdom,"13,236",21.2,18%,58 : 42
University of Granada,Spain,"56,173",15.7,12%,59 : 41
University of Graz,Austria,"19,845",21.8,15%,65 : 35
University of Greenwich,United Kingdom,"14,212",17.5,38%,58 : 42
Guangdong University of Technology,China,"43,332",19.3,0%,29 : 71
University of Haifa,Israel,"16,228",9.5,6%,66 : 34
Hamburg University of Technology,Germany,"5,127",34.2,24%,27 : 73
Huazhong Agricultural University,China,"26,498",16.8,2%,54 : 46
University of Huddersfield,United Kingdom,"14,968",21.8,26%,55 : 45
University of Idaho,United States,"9,779",17.3,8%,49 : 51
IDC Herzliya,Israel,"6,773",45.8,25%,51 : 49
"Indian Institute of Science Education and Research, Pune",India,"1,418",10.4,0%,33 : 67
Indian Institute of Science Education and Research Kolkata,India,"1,442",13.7,0%,26 : 74
Indian Institute of Technology Gandhinagar,India,"1,419",13.1,0%,23 : 77
Indian Institute of Technology Hyderabad,India,"2,350",13.1,0%,20 : 80
Indraprastha Institute of Information Technology Delhi,India,"1,332",17.1,1%,25 : 75
Universitat Internacional de Catalunya,Spain,"4,121",11.6,26%,62 : 38
University of International Business and Economics,China,"15,707",16.8,17%,68 : 32
University of Ioannina,Greece,"22,956",47.4,4%,56 : 44
ISCTE-University Institute of Lisbon,Portugal,"8,868",23.3,12%,50 : 50
Isfahan University of Technology,Iran,"9,373",21.8,1%,48 : 52
Jamia Millia Islamia,India,"10,717",9.6,3%,41 : 59
Jaume I University,Spain,"11,763",15.1,9%,58 : 42
Jawaharlal Nehru University,India,"7,821",13.8,4%,50 : 50
Jiangsu Normal University,China,"22,372",14.1,3%,n/a
Jikei University School of Medicine,Japan,"1,090",0.9,0%,49 : 51
Jinan University,China,"35,812",14.1,29%,59 : 41
University of Johannesburg,South Africa,"27,660",25.0,15%,54 : 46
Johannes Kepler University of Linz,Austria,"6,193",10.3,12%,51 : 49
Kafrelsheikh University,Egypt,"88,281",36.2,1%,52 : 48
University of Kaiserslautern,Germany,"14,833",51.5,20%,39 : 61
Kansai Medical University,Japan,841,1.1,3%,38 : 62
Kansas State University,United States,"21,036",14.1,8%,50 : 50
Kazan Federal University,Russian Federation,"25,940",9.7,25%,68 : 32
Universiti Kebangsaan Malaysia,Malaysia,"17,601",10.3,16%,57 : 43
Keio University,Japan,"34,498",10.0,9%,37 : 63
King George‘s Medical University,India,"2,934",6.9,0%,46 : 54
Kobe University,Japan,"15,676",9.9,8%,35 : 65
Konkuk University,South Korea,"12,047",22.8,17%,51 : 49
University of Kurdistan,Iran,"10,555",31.0,3%,54 : 46
University of Lagos,Nigeria,"34,514",19.9,0%,49 : 51
Lakehead University,Canada,"8,060",24.6,16%,54 : 46
University of La Laguna,Spain,"18,300",12.7,4%,58 : 42
University of Latvia,Latvia,"12,007",31.7,7%,70 : 30
Lehigh University,United States,"6,545",11.0,19%,45 : 55
University of Lille,France,"68,393",28.5,14%,57 : 43
Lincoln University,New Zealand,"2,511",13.8,42%,50 : 50
University of Lleida,Spain,"8,702",14.2,9%,60 : 40
University of Lorraine,France,"59,690",19.5,16%,52 : 48
Mae Fah Luang University,Thailand,"14,218",22.9,5%,72 : 28
Mahatma Gandhi University,India,"1,653",17.6,1%,68 : 32
Mahidol University,Thailand,"29,296",9.7,4%,64 : 36
University of Malta,Malta,"10,122",14.4,10%,58 : 42
Manchester Metropolitan University,United Kingdom,"28,375",15.1,17%,58 : 42
Marche Polytechnic University,Italy,"10,550",19.8,5%,47 : 53
"University of Maryland, Baltimore County",United States,"11,808",18.6,8%,45 : 55
Masaryk University,Czech Republic,"31,107",19.6,22%,62 : 38
Massey University,New Zealand,"18,664",16.5,32%,63 : 37
Metropolitan Autonomous University,Mexico,"58,623",20.2,0%,48 : 52
Miguel Hernández University of Elche ,Spain,"11,695",17.0,6%,48 : 52
University of Missouri-St Louis,United States,"6,777",15.5,5%,58 : 42
University of Mohaghegh Ardabili,Iran,"10,427",27.2,0%,54 : 46
Montana State University,United States,"14,153",17.6,3%,47 : 53
Monterrey Institute of Technology,Mexico,"14,683",15.1,10%,42 : 58
University of Nairobi,Kenya,"84,000",37.6,0%,31 : 69
Nanjing Agricultural University,China,"26,368",16.3,3%,57 : 43
Nanjing University of Information Science and Technology,China,"25,567",16.7,4%,n/a
Nanjing Medical University,China,"19,949",11.0,5%,n/a
Nanjing Tech University,China,"34,424",13.8,2%,n/a
University of Nantes,France,"36,559",24.2,11%,56 : 44
National Institute of Applied Sciences of Lyon (INSA Lyon),France,"6,292",19.6,28%,34 : 66
National University of Science and Technology (MISiS),Russian Federation,"7,168",10.8,26%,40 : 60
National Taiwan Normal University,Taiwan,"9,854",10.9,26%,n/a
National Technical University of Athens,Greece,"14,419",20.4,7%,33 : 67
"University of Nevada, Las Vegas",United States,"25,690",22.4,5%,57 : 43
New Mexico State University (Main campus),United States,"12,400",16.3,7%,55 : 45
Nippon Medical School,Japan,850,0.9,0%,34 : 66
University of North Carolina at Greensboro,United States,"19,105",21.5,4%,66 : 34
Norwegian University of Life Sciences,Norway,"5,860",6.8,20%,59 : 41
Nottingham Trent University,United Kingdom,"25,862",14.7,20%,58 : 42
Novosibirsk State University,Russian Federation,"7,043",6.2,20%,n/a
Ohio University (Main campus),United States,"24,729",23.0,5%,56 : 44
The Open University,United Kingdom,"59,908",31.1,8%,63 : 37
Open University of Catalonia,Spain,"24,756",86.2,5%,56 : 44
Oxford Brookes University,United Kingdom,"13,591",15.2,26%,59 : 41
Ozyegin University,Turkey,"6,280",19.1,4%,43 : 57
Palacký University Olomouc,Czech Republic,"17,337",13.8,13%,69 : 31
University of Palermo,Italy,"29,820",20.7,1%,58 : 42
Panjab University,India,"19,006",20.3,1%,49 : 51
Panthéon-Sorbonne University – Paris 1,France,"33,714",27.2,21%,60 : 40
University of Parma,Italy,"26,046",29.8,6%,56 : 44
Parthenope University of Naples,Italy,"12,106",35.9,2%,43 : 57
University of Pécs,Hungary,"16,798",11.7,24%,57 : 43
Polytechnic University of Catalonia,Spain,"22,824",10.0,13%,27 : 73
Pontifical Catholic University of Rio de Janeiro (PUC-Rio),Brazil,"14,999",19.5,4%,51 : 49
University of Pretoria,South Africa,"35,387",23.1,7%,57 : 43
Universiti Putra Malaysia,Malaysia,"19,937",12.1,25%,61 : 39
Université du Québec,Canada,"53,354",19.7,12%,56 : 44
University of Rennes 1,France,"28,137",18.5,11%,53 : 47
University of Rhode Island,United States,"16,254",15.0,3%,58 : 42
University of Rome III,Italy,"32,361",49.9,5%,59 : 41
Roskilde University,Denmark,"6,305",17.4,13%,64 : 36
University of Rovira i Virgili,Spain,"12,562",12.3,12%,60 : 40
Ryerson University,Canada,"34,510",42.8,5%,55 : 45
Universiti Sains Malaysia,Malaysia,"21,039",10.7,14%,64 : 36
Saint Petersburg State University,Russian Federation,"21,865",7.1,15%,63 : 37
University of Salento,Italy,"12,462",20.9,1%,63 : 37
San Diego State University,United States,"31,109",29.9,8%,55 : 45
Savitribai Phule Pune University,India,"6,182",12.9,3%,60 : 40
Shahid Beheshti University,Iran,"18,438",21.2,2%,51 : 49
Shahid Beheshti University of Medical Sciences,Iran,"12,361",8.6,3%,59 : 41
Shandong University,China,"43,643",13.3,7%,52 : 48
University of Sharjah,United Arab Emirates,"12,688",18.6,58%,67 : 33
Shiraz University of Technology,Iran,"1,453",14.4,0%,36 : 64
Sichuan University,China,"67,257",14.0,4%,50 : 50
University of Siegen,Germany,"19,291",40.6,12%,51 : 49
Southern Cross University,Australia,"10,197",32.5,32%,61 : 39
Southern Medical University,China,"19,802",11.0,6%,n/a
University of the Sunshine Coast,Australia,"10,242",28.5,18%,67 : 33
University of Tabriz,Iran,"12,444",16.0,6%,53 : 47
Tabriz University of Medical Sciences,Iran,"8,075",9.4,0%,52 : 48
Universiti Teknologi Malaysia,Malaysia,"19,988",11.8,17%,44 : 56
Universiti Teknologi Petronas,Malaysia,"5,907",15.3,19%,35 : 65
University of Texas at Arlington,United States,"29,817",27.7,14%,57 : 43
Texas Tech University,United States,"33,464",20.9,9%,47 : 53
Thapar University,India,"7,996",14.9,1%,24 : 76
University of Thessaly,Greece,"17,886",40.7,2%,50 : 50
University of Toledo,United States,"18,587",15.5,10%,51 : 49
TU Braunschweig,Germany,"20,103",10.3,15%,38 : 62
University of Udine,Italy,"11,776",18.0,7%,53 : 47
University of Ulsan,South Korea,"12,830",11.5,5%,46 : 54
Ulster University,United Kingdom,"17,194",17.3,8%,56 : 44
Universiti Utara Malaysia,Malaysia,"12,951",11.6,29%,69 : 31
University of the Western Cape,South Africa,"22,660",30.1,6%,61 : 39
Western Washington University,United States,"15,050",18.4,1%,58 : 42
University of Windsor,Canada,"13,771",30.4,26%,n/a
University of Wisconsin-Milwaukee,United States,"20,490",18.7,6%,54 : 46
Worcester Polytechnic Institute,United States,"5,761",12.5,22%,35 : 65
University of Wuppertal,Germany,"23,117",59.0,11%,52 : 48
Xi‘an Jiaotong-Liverpool University,China,"11,388",23.3,7%,53 : 47
Yasouj University,Iran,"6,023",25.7,0%,50 : 50
Yokohama City University,Japan,"4,976",4.4,2%,56 : 44
University of the Aegean,Greece,"14,297",43.5,1%,56 : 44
"University of Agriculture, Faisalabad",Pakistan,"26,756",39.8,0%,44 : 56
University of Alcalá,Spain,"19,400",14.6,19%,58 : 42
University of Algarve,Portugal,"8,008",12.9,19%,57 : 43
Aligarh Muslim University,India,"19,396",12.2,2%,39 : 61
American University in Cairo,Egypt,"5,832",13.1,5%,55 : 45
American University of Sharjah,United Arab Emirates,"4,784",12.1,81%,52 : 48
Amrita Vishwa Vidyapeetham,India,"15,130",12.1,10%,n/a
"University of the Andes, Colombia",Colombia,"15,280",12.6,2%,45 : 55
"Asia University, Taiwan",Taiwan,"11,627",31.9,7%,60 : 40
Azarbaijan Shahid Madani University,Iran,"6,470",24.0,0%,62 : 38
University of the Basque Country,Spain,"42,724",15.2,5%,54 : 46
Baylor University,United States,"17,274",15.3,6%,58 : 42
University of Bedfordshire,United Kingdom,"9,733",18.7,38%,62 : 38
Beijing Jiaotong University,China,"30,200",14.1,8%,39 : 61
Benha University,Egypt,"110,000",32.4,4%,40 : 60
Beni-Suef University,Egypt,"73,693",26.7,1%,47 : 53
Bharathiar University,India,"3,674",15.1,0%,67 : 33
Bowling Green State University,United States,"15,333",16.3,4%,57 : 43
University of Brasília,Brazil,"45,594",14.9,2%,51 : 49
Capital Medical University,China,"13,374",4.8,5%,67 : 33
Cardiff Metropolitan University,United Kingdom,"8,941",18.8,18%,55 : 45
Carlos III University of Madrid,Spain,"17,652",11.0,16%,44 : 56
University of Central Lancashire,United Kingdom,"17,521",14.2,18%,58 : 42
Central Queensland University,Australia,"15,905",20.6,35%,53 : 47
University of Cergy-Pontoise,France,"15,380",19.3,16%,58 : 42
Chang Gung University,Taiwan,"7,358",12.4,5%,47 : 53
Charles Sturt University,Australia,"20,280",20.9,33%,57 : 43
Chiba University,Japan,"13,764",9.8,5%,38 : 62
University of Chile,Chile,"36,433",15.4,6%,48 : 52
"China University of Geosciences, Beijing",China,"16,920",14.1,1%,38 : 62
"China University of Geosciences, Wuhan",China,"29,124",16.2,4%,n/a
China University of Mining and Technology,China,"46,973",18.3,2%,33 : 67
Chonnam National University,South Korea,"22,835",17.5,8%,48 : 52
University of Córdoba,Spain,"17,834",14.8,9%,56 : 44
Covenant University,Nigeria,"8,601",16.0,0%,43 : 57
University of Debrecen,Hungary,"26,938",14.1,21%,55 : 45
Delhi Technological University,India,"9,000",22.6,1%,18 : 82
University of Derby,United Kingdom,"14,111",14.7,15%,57 : 43
East China University of Science and Technology,China,"25,985",15.9,2%,44 : 56
Eastern Mediterranean University,Northern Cyprus,"18,205",24.5,81%,41 : 59
University of East London,United Kingdom,"10,699",19.0,32%,62 : 38
École Centrale de Lyon,France,"2,053",14.9,25%,28 : 72
Federal University of Pelotas,Brazil,"22,618",16.7,0%,56 : 44
Federal University of Rio de Janeiro,Brazil,"59,963",14.6,1%,55 : 45
Federation University Australia,Australia,"11,888",20.7,47%,54 : 46
Florida Agricultural and Mechanical University,United States,"9,433",15.3,1%,66 : 34
Florida Atlantic University,United States,"24,678",18.5,10%,57 : 43
Florida Institute of Technology,United States,"5,477",14.3,33%,34 : 66
University of Foggia,Italy,"10,355",32.0,1%,60 : 40
Fu Jen Catholic University,Taiwan,"19,606",27.7,8%,56 : 44
Fuzhou University,China,"35,717",15.7,2%,41 : 59
Government College University Faisalabad,Pakistan,"19,898",34.7,0%,42 : 58
Guru Jambheshwar University of Science and Technology,India,"5,017",19.1,0%,41 : 59
University of Hertfordshire,United Kingdom,"17,888",15.8,29%,56 : 44
Hiroshima University,Japan,"15,080",8.9,11%,36 : 64
Hyogo College of Medicine,Japan,912,2.2,1%,35 : 65
Ilmenau University of Technology,Germany,"5,807",17.8,22%,27 : 73
Imam Abdulrahman Bin Faisal University,Saudi Arabia,"24,643",8.2,4%,76 : 24
Indian Institute of Technology Bhubaneswar,India,"1,469",10.8,0%,13 : 87
Indian Institute of Technology (Indian School of Mines) Dhanbad,India,"7,322",22.0,1%,15 : 85
Indian Institute of Science Education and Research Bhopal,India,"1,351",13.0,0%,32 : 68
University of Indonesia,Indonesia,"41,561",10.2,10%,66 : 34
Inha University,South Korea,"19,467",23.6,7%,40 : 60
Isfahan University of Medical Sciences,Iran,"11,400",12.3,1%,69 : 31
Istanbul University,Turkey,"87,146",38.2,7%,51 : 49
Istanbul Technical University,Turkey,"37,861",23.0,4%,34 : 66
Iuliu Haţieganu University of Medicine and Pharmacy Cluj-Napoca,Romania,"7,635",7.8,33%,65 : 35
Jadavpur University,India,"12,641",21.2,1%,32 : 68
University of Jaén,Spain,"14,364",17.2,8%,56 : 44
Jamia Hamdard University,India,"6,827",13.9,6%,55 : 45
Jiangsu University,China,"36,125",9.6,6%,42 : 58
Jilin University,China,"71,593",10.8,3%,45 : 55
University of Jordan,Jordan,"31,495",17.0,16%,68 : 32
Juntendo University,Japan,"4,953",4.1,2%,53 : 47
Kaohsiung Medical University,Taiwan,"6,802",12.1,7%,57 : 43
Karabük University,Turkey,"47,464",45.9,17%,41 : 59
Karlstad University,Sweden,"8,727",13.0,%,63 : 37
Kent State University,United States,"23,764",17.6,7%,60 : 40
Kerman University of Medical Sciences,Iran,"5,422",3.9,0%,63 : 37
Kharkiv National University of Radio Electronics,Ukraine,"8,058",11.8,9%,20 : 80
Kindai University,Japan,"33,614",14.1,2%,31 : 69
King Mongkut’s University of Technology Thonburi,Thailand,"16,498",21.3,6%,47 : 53
King Saud bin Abdulaziz University for Health Sciences,Saudi Arabia,"12,238",7.3,0%,52 : 48
Kingston University,United Kingdom,"14,285",18.3,37%,58 : 42
K.N. Toosi University of Technology,Iran,"6,866",22.6,1%,34 : 66
Kurume University,Japan,"4,995",7.5,2%,n/a
Kyoto Prefectural University of Medicine,Japan,"1,323",3.3,1%,47 : 53
Kyungpook National University,South Korea,"21,323",20.4,9%,44 : 56
Lahore University of Management Sciences,Pakistan,"4,067",15.1,2%,41 : 59
University of Las Palmas de Gran Canaria,Spain,"18,377",17.1,8%,57 : 43
Lebanese American University,Lebanon,"7,861",13.1,18%,51 : 49
Leeds Beckett University,United Kingdom,"19,022",19.4,12%,52 : 48
University of Leoben,Austria,"2,635",5.0,14%,23 : 77
University of Ljubljana,Slovenia,"38,762",13.9,6%,60 : 40
Louisiana Tech University,United States,"10,602",25.4,4%,44 : 56
"Lumière University, Lyon 2",France,"24,414",49.9,17%,67 : 33
Marquette University,United States,"10,650",11.9,4%,55 : 45
Medical University of Warsaw,Poland,"9,727",6.3,8%,74 : 26
University of Memphis,United States,"16,460",14.2,3%,59 : 41
Miami University,United States,"18,301",25.2,15%,51 : 49
Middle East Technical University,Turkey,"23,330",27.8,6%,43 : 57
University of Minho,Portugal,"18,504",18.2,13%,55 : 45
Mississippi State University,United States,"26,823",19.1,3%,51 : 49
Nanjing Normal University,China,"29,862",13.5,4%,69 : 31
National Autonomous University of Mexico,Mexico,"166,368",16.5,8%,51 : 49
National Central University,Taiwan,"11,233",10.1,11%,33 : 67
National Chengchi University,Taiwan,"13,161",15.6,16%,52 : 48
National Dong Hwa University,Taiwan,"9,928",18.1,8%,51 : 49
National Institute of Technology Rourkela,India,"5,808",17.5,4%,17 : 83
National University of Sciences and Technology,Pakistan,"10,998",7.5,4%,34 : 66
National Sun Yat-Sen University,Taiwan,"8,374",13.5,8%,37 : 63
National Taipei University of Technology,Taiwan,"9,874",15.6,9%,28 : 72
National Institute of Technology Silchar,India,"3,169",12.8,1%,14 : 86
The New School,United States,"10,554",9.5,35%,72 : 28
University of New Brunswick UNB,Canada,"8,570",14.1,13%,52 : 48
University of Nicosia,Cyprus,"4,683",10.5,51%,51 : 49
Niigata University,Japan,"12,093",7.8,3%,38 : 62
Normandy University,France,"67,205",20.4,11%,55 : 45
Northeastern University,China,"37,339",14.6,4%,n/a
Northeast Normal University,China,"26,862",17.1,2%,75 : 25
University of Northern British Columbia (UNBC),Canada,"2,826",14.2,9%,62 : 38
NorthWest A&F University,China,"30,159",14.8,1%,50 : 50
Ocean University of China,China,"27,999",15.3,4%,54 : 46
Okayama University,Japan,"13,136",10.9,9%,39 : 61
Old Dominion University,United States,"18,811",18.2,3%,56 : 44
University of Oran 1,Algeria,"25,787",18.8,1%,64 : 36
Osmania University,India,"13,426",28.5,4%,38 : 62
University of Oviedo,Spain,"21,555",12.3,3%,54 : 46
Pablo de Olavide University,Spain,"13,736",16.2,14%,59 : 41
University of Peshawar,Pakistan,"6,063",10.1,2%,46 : 54
Polytechnic University of Valencia,Spain,"22,019",10.6,15%,39 : 61
Pontifical Catholic University of Rio Grande do Sul (PUCRS),Brazil,"16,633",23.1,0%,50 : 50
Portland State University,United States,"20,202",18.4,8%,56 : 44
University of Puerto Rico,Puerto Rico,"51,933",13.1,1%,58 : 42
Pusan National University,South Korea,"24,992",18.4,9%,47 : 53
University of Regina,Canada,"13,324",23.7,24%,60 : 40
Rikkyo University,Japan,"20,298",15.7,5%,n/a
Rochester Institute of Technology,United States,"14,093",15.7,17%,35 : 65
University of Roehampton,United Kingdom,"7,825",15.3,28%,70 : 30
RUDN University,Russian Federation,"20,455",12.8,31%,52 : 48
Université Saint-Joseph de Beyrouth,Lebanon,"7,748",20.0,5%,64 : 36
University of Salamanca,Spain,"28,709",17.5,16%,58 : 42
University of Salford,United Kingdom,"16,793",18.4,20%,54 : 46
University of Santiago de Compostela,Spain,"24,968",14.9,9%,61 : 39
São Paulo State University (UNESP),Brazil,"38,877",13.8,3%,51 : 49
University of Science and Technology Beijing,China,"25,354",15.0,4%,37 : 63
University of Seville,Spain,"50,970",16.8,10%,61 : 39
Shanghai University,China,"37,395",11.2,5%,50 : 50
Shanghai University of Finance and Economics (SUFE),China,"15,613",15.0,5%,57 : 43
Shanghai Maritime University,China,"21,959",15.8,3%,42 : 58
Shantou University,China,"11,084",12.1,1%,48 : 52
Sheffield Hallam University,United Kingdom,"25,548",17.2,11%,55 : 45
Shiraz University,Iran,"13,490",18.9,0%,50 : 50
Sidi Mohamed Ben Abdellah University,Morocco,"87,278",57.1,2%,47 : 53
Sogang University,South Korea,"9,749",23.8,11%,45 : 55
Sohag University,Egypt,"55,753",28.3,0%,59 : 41
University of South Bohemia in České Budějovice,Czech Republic,"9,143",14.4,5%,70 : 30
South China Normal University,China,"31,465",15.7,3%,n/a
University of South Dakota,United States,"7,282",15.8,3%,n/a
Southern Illinois University Carbondale,United States,"11,158",14.9,8%,48 : 52
University of Split,Croatia,"19,867",19.7,2%,n/a
Sri Venkateswara University,India,"7,707",14.2,0%,41 : 59
Sultan Qaboos University,Oman,"7,224",7.7,4%,50 : 50
University of Szeged,Hungary,"18,859",12.1,20%,56 : 44
Tallinn University,Estonia,"4,506",11.4,13%,71 : 29
Tallinn University of Technology,Estonia,"9,437",13.4,14%,43 : 57
Technical University of Madrid,Spain,"37,683",13.1,15%,32 : 68
Technological University Dublin,Ireland,"19,300",18.4,18%,43 : 57
University of Technology of Compiègne,France,"4,308",16.0,24%,37 : 63
University of Technology of Troyes,France,"3,087",19.3,24%,22 : 78
Teesside University,United Kingdom,"12,258",19.1,11%,58 : 42
Universiti Tenaga Nasional (UNITEN),Malaysia,"5,736",13.5,9%,38 : 62
University of Texas at El Paso,United States,"17,883",23.7,8%,53 : 47
Tokyo Medical University,Japan,"1,370",1.7,1%,49 : 51
Tokyo Metropolitan University,Japan,"8,853",10.1,5%,38 : 62
Tomsk Polytechnic University,Russian Federation,"9,118",7.9,28%,33 : 67
University of Tours,France,"27,994",21.9,11%,60 : 40
Tribhuvan University,Nepal,"422,690",31.1,0%,51 : 49
"Vietnam National University, Hanoi",Vietnam,"36,410",13.5,1%,54 : 46
University of Vigo,Spain,"18,103",15.8,5%,50 : 50
Vilnius University,Lithuania,"16,470",10.3,10%,65 : 35
Vilnius Gediminas Technical University,Lithuania,"9,328",14.0,12%,32 : 68
VIT University,India,"32,943",19.3,2%,24 : 76
Volgograd State Technical University,Russian Federation,"14,162",15.2,7%,35 : 65
University of Warsaw,Poland,"41,344",13.3,10%,65 : 35
Waseda University,Japan,"48,260",15.5,11%,38 : 62
Wenzhou University,China,"15,780",14.0,5%,58 : 42
University of Westminster,United Kingdom,"16,226",19.3,49%,60 : 40
University of Wolverhampton,United Kingdom,"14,779",18.4,21%,63 : 37
Wuhan University of Technology,China,"52,910",14.4,3%,30 : 70
Xidian University,China,"35,133",16.5,2%,28 : 72
Yangzhou University,China,"33,876",13.8,4%,55 : 45
Yeungnam University,South Korea,"19,494",14.8,5%,50 : 50
University of Zaragoza,Spain,"28,036",9.9,7%,54 : 46
Zayed University,United Arab Emirates,"7,524",14.6,2%,89 : 11
Zhejiang University of Technology,China,"30,891",14.7,8%,n/a
Acharya Nagarjuna University,India,"4,816",10.3,7%,37 : 63
Acıbadem University,Turkey,"2,608",4.7,2%,75 : 25
University of A Coruña,Spain,"14,815",12.4,4%,52 : 48
"Adam Mickiewicz University, Poznań",Poland,"34,534",13.2,3%,69 : 31
Adolfo Ibáñez University,Chile,"10,385",28.8,5%,38 : 62
AGH University of Science and Technology,Poland,"24,949",13.2,3%,34 : 66
Aichi Medical University,Japan,"1,291",2.7,1%,59 : 41
Ain Shams University,Egypt,"202,325",17.6,2%,49 : 51
Akdeniz University,Turkey,"36,492",33.0,3%,35 : 65
Akita University,Japan,"4,936",10.1,4%,35 : 65
Aksaray University,Turkey,"22,626",37.5,6%,45 : 55
Al-Azhar University,Egypt,"342,151",32.9,6%,44 : 56
Alexandria University,Egypt,"187,170",25.4,3%,54 : 46
Alexandru Ioan Cuza University,Romania,"23,919",19.6,6%,63 : 37
Al-Farabi Kazakh National University,Kazakhstan,"22,116",4.6,17%,56 : 44
University of Alicante,Spain,"24,543",16.1,8%,58 : 42
University of Almería,Spain,"13,067",17.7,12%,56 : 44
Alzahra University,Iran,"9,616",22.6,1%,100 : 0
Amity University,India,"31,103",15.4,5%,46 : 54
Anadolu University,Turkey,"513,690",339.1,0%,43 : 57
"University of the Andes, Chile",Chile,"8,734",15.1,2%,59 : 41
"University of the Andes, Venezuela",Venezuela,"31,841",12.4,2%,60 : 40
Andhra University,India,"8,869",13.9,5%,49 : 51
Andrés Bello University (UNAB),Chile,"41,098",19.1,2%,52 : 48
Ankara University,Turkey,"76,364",18.5,5%,45 : 55
Anna University,India,"14,966",15.2,1%,45 : 55
Annamalai University,India,"19,490",12.8,2%,49 : 51
University of Antioquia,Colombia,"40,807",23.4,0%,50 : 50
Aoyama Gakuin University,Japan,"19,084",11.6,3%,50 : 50
Arak University,Iran,"6,369",21.4,0%,57 : 43
Ariel University,Israel,"11,250",28.3,0%,49 : 51
Assiut University,Egypt,"96,833",21.3,1%,54 : 46
Atatürk University,Turkey,"58,588",33.6,2%,49 : 51
Atılım University,Turkey,"9,385",14.1,5%,41 : 59
Austral University of Chile,Chile,"16,392",17.8,2%,51 : 49
Autonomous University of Baja California,Mexico,"64,427",20.0,2%,53 : 47
Autonomous University of Hidalgo State (UAEH),Mexico,"36,143",18.2,1%,57 : 43
Autonomous University of Nuevo León,Mexico,"117,108",40.7,1%,49 : 51
Autonomous University of Puebla,Mexico,"79,778",40.2,0%,53 : 47
Autonomous University of Querétaro,Mexico,"22,411",39.7,1%,56 : 44
Autonomous University of San Luis Potosi,Mexico,"31,551",8.9,0%,52 : 48
Autonomous University of the State of Mexico,Mexico,"58,936",21.3,0%,58 : 42
Autonomous University of Yucatán,Mexico,"17,119",14.8,0%,50 : 50
Babeş-Bolyai University,Romania,"38,974",25.8,5%,65 : 35
University of Baghdad,Iraq,"70,590",11.2,0%,58 : 42
Bahauddin Zakariya University,Pakistan,"28,987",34.9,0%,43 : 57
Bahçeşehir University,Turkey,"18,422",50.6,14%,48 : 52
Banasthali University,India,"10,368",17.6,4%,98 : 2
Bandung Institute of Technology (ITB),Indonesia,"17,267",9.5,2%,42 : 58
Bangladesh University of Engineering and Technology,Bangladesh,"5,607",11.4,0%,24 : 76
Bashkir State University,Russian Federation,"14,166",11.9,3%,64 : 36
Başkent University,Turkey,"13,227",14.4,2%,61 : 39
University of Basrah,Iraq,"32,479",13.4,0%,52 : 48
Beijing Forestry University,China,"19,353",16.3,2%,55 : 45
Beijing University of Technology,China,"21,899",11.8,3%,43 : 57
University of Béjaïa,Algeria,"43,062",25.4,1%,58 : 42
Belarusian State University,Belarus,"24,451",7.8,10%,61 : 39
Belgorod State National Research University,Russian Federation,"12,994",14.3,18%,64 : 36
Bezmiâlem Vakif University,Turkey,"3,521",12.4,5%,73 : 27
University of Bío-Bío,Chile,"13,085",25.5,1%,42 : 58
University of Birjand,Iran,"12,055",26.2,1%,53 : 47
"Birla Institute of Technology and Science, Pilani",India,"14,788",18.1,1%,20 : 80
University of Biskra,Algeria,"32,650",23.6,1%,n/a
Blida 1 University,Algeria,"33,723",24.6,1%,62 : 38
Bolu Abant Izzet Baysal University,Turkey,"22,466",24.2,1%,57 : 43
University of Botswana,Botswana,"12,206",16.1,4%,56 : 44
University of Brawijaya,Indonesia,"52,540",17.2,2%,54 : 46
Brno University of Technology,Czech Republic,"19,589",18.9,23%,29 : 71
Bu-Ali Sina University,Iran,"11,279",25.6,1%,55 : 45
University of Bucharest,Romania,"32,371",19.1,2%,68 : 32
Budapest University of Technology and Economics,Hungary,"19,415",17.7,11%,31 : 69
Burapha University,Thailand,"34,785",23.7,1%,64 : 36
University of Burgos,Spain,"7,200",13.0,5%,55 : 45
University of Cadiz,Spain,"18,995",18.7,9%,56 : 44
University of Calcutta,India,"18,570",25.4,1%,60 : 40
"California State University, Long Beach",United States,"30,440",19.5,4%,58 : 42
Canterbury Christ Church University,United Kingdom,"11,131",16.7,13%,69 : 31
Polytechnic University of Cartagena,Spain,"4,497",10.2,9%,27 : 73
University of Carthage,Tunisia,"31,188",9.6,1%,66 : 34
University of Castilla-La Mancha,Spain,"23,198",13.6,7%,56 : 44
The Catholic University of Korea,South Korea,"9,762",7.2,3%,59 : 41
Catholic University of the North,Chile,"11,567",20.0,2%,46 : 54
Universidad Católica San Antonio de Murcia (UCAM),Spain,"12,621",6.7,10%,56 : 44
University of Caxias do Sul,Brazil,"15,400",23.5,0%,53 : 47
Ceará State University,Brazil,"20,106",17.6,0%,61 : 39
Central University of Finance and Economics,China,"15,859",14.1,3%,62 : 38
Chaoyang University of Technology,Taiwan,"16,173",41.3,6%,55 : 45
"University of Chemistry and Technology, Prague",Czech Republic,"4,159",9.2,22%,61 : 39
University of Chester,United Kingdom,"11,016",19.6,11%,68 : 32
Chiang Mai University,Thailand,"36,296",15.4,2%,63 : 37
Chiba Institute of Technology,Japan,"9,797",30.9,1%,14 : 86
China Pharmaceutical University,China,"16,470",16.1,3%,65 : 35
Chubu University,Japan,"12,227",23.0,2%,26 : 74
Chungbuk National University,South Korea,"19,294",14.8,3%,32 : 68
Chungnam National University,South Korea,"21,744",20.5,4%,46 : 54
Chung Yuan Christian University,Taiwan,"15,978",32.9,11%,44 : 56
Chuo University,Japan,"26,212",37.7,4%,37 : 63
Cochin University of Science and Technology,India,"8,463",19.3,0%,39 : 61
University of Colombo,Sri Lanka,"29,197",35.6,0%,56 : 44
Comenius University in Bratislava,Slovakia,"21,141",9.9,13%,66 : 34
University of Concepción,Chile,"28,176",17.2,2%,52 : 48
University of Constantine 1,Algeria,"35,321",21.0,1%,57 : 43
Corvinus University of Budapest,Hungary,"11,232",24.9,16%,53 : 47
Cracow University of Technology,Poland,"13,079",12.1,2%,38 : 62
Cukurova University,Turkey,"42,974",18.0,3%,44 : 56
Czech University of Life Sciences Prague (CULS),Czech Republic,"17,500",20.7,21%,51 : 49
Czech Technical University in Prague,Czech Republic,"18,282",11.6,20%,30 : 70
De La Salle University,Philippines,"13,346",16.4,3%,49 : 51
Del Rosario University,Colombia,"11,952",14.5,1%,57 : 43
Democritus University of Thrace,Greece,"30,414",48.4,3%,54 : 46
University of Dhaka,Bangladesh,"210,856",16.9,3%,47 : 53
Diponegoro University,Indonesia,"38,420",15.6,2%,56 : 44
Dokkyo Medical University,Japan,"1,344",1.3,1%,53 : 47
Dokuz Eylül University,Turkey,"61,620",18.8,2%,47 : 53
Doshisha University,Japan,"28,272",18.7,4%,41 : 59
Dunarea de Jos University of Galati,Romania,"12,383",16.8,22%,58 : 42
Duzce University,Turkey,"28,346",25.7,2%,42 : 58
East Carolina University,United States,"26,230",14.5,2%,58 : 42
"University of Economics, Prague",Czech Republic,"13,493",27.2,24%,53 : 47
Edge Hill University,United Kingdom,"11,624",14.5,6%,68 : 32
Ege University,Turkey,"42,173",26.3,3%,48 : 52
Ehime University,Japan,"9,341",13.2,3%,38 : 62
The University of Electro-Communications,Japan,"4,838",15.8,5%,12 : 88
University of Engineering & Technology (UET) Lahore,Pakistan,"13,832",13.4,3%,24 : 76
Erciyes University,Turkey,"37,580",29.6,3%,46 : 54
Eskişehir Osmangazi University,Turkey,"30,533",20.5,3%,38 : 62
Far Eastern Federal University,Russian Federation,"15,750",11.2,23%,n/a
Fayoum University,Egypt,"35,991",14.6,1%,66 : 34
Federal University of ABC (UFABC),Brazil,"15,580",21.2,1%,35 : 65
Federal University of Alagoas,Brazil,"30,196",18.4,0%,n/a
Federal University of Bahia,Brazil,"45,148",18.1,0%,44 : 56
Federal University of Ceará (UFC),Brazil,"36,345",16.3,1%,45 : 55
Federal University of Espírito Santo,Brazil,"24,617",12.8,1%,56 : 44
Federal University of Goiás,Brazil,"34,803",13.1,0%,51 : 49
Federal University of Health Sciences of Porto Alegre (UFCSPA) ,Brazil,"6,047",16.8,10%,67 : 33
Federal University of Itajubá,Brazil,"8,286",15.9,1%,29 : 71
Federal University of Juiz de Fora (UFJF),Brazil,"28,458",18.3,0%,42 : 58
Federal University of Lavras,Brazil,"14,546",18.4,1%,49 : 51
Federal University of Maranhão (UFMA),Brazil,"29,443",14.3,0%,49 : 51
Federal University of Mato Grosso do Sul,Brazil,"27,263",17.3,1%,53 : 47
Federal University of Ouro Preto,Brazil,"13,936",16.0,1%,52 : 48
Federal University of Pará,Brazil,"43,681",16.3,0%,53 : 47
Federal University of Paraí­ba (UFPB),Brazil,"30,829",11.9,0%,51 : 49
Federal University of Paraná (UFPR),Brazil,"32,860",13.3,0%,51 : 49
Federal University of Pernambuco,Brazil,"40,131",17.4,1%,49 : 51
Federal University of Piauí,Brazil,"30,467",15.5,0%,54 : 46
Federal University of Rio Grande do Norte (UFRN),Brazil,"40,206",18.6,0%,45 : 55
Federal Rural University of the Semi-Arid Region,Brazil,"8,007",11.7,0%,42 : 58
Federal University of Santa Maria,Brazil,"27,667",13.8,1%,53 : 47
Federal University of São Carlos,Brazil,"19,404",15.1,2%,48 : 52
Federal University of Technology – Paraná,Brazil,"31,943",12.7,1%,35 : 65
Federal University of Uberlândia,Brazil,"29,867",15.8,1%,52 : 48
Federal University of Viçosa,Brazil,"15,347",12.3,1%,49 : 51
Federico Santa María Technical University,Chile,"19,430",24.7,4%,25 : 75
Feng Chia University,Taiwan,"19,790",23.2,8%,37 : 63
Ferdowsi University of Mashhad,Iran,"24,186",29.9,5%,56 : 44
Fluminense Federal University,Brazil,"54,134",15.3,1%,45 : 55
University of Fortaleza (UNIFOR),Brazil,"22,101",18.0,0%,54 : 46
University of La Frontera,Chile,"10,827",23.4,1%,49 : 51
University of Fukui,Japan,"5,047",8.2,4%,30 : 70
Universitas Gadjah Mada,Indonesia,"38,092",7.9,6%,53 : 47
Gazi University,Turkey,"43,518",25.6,2%,49 : 51
Gaziantep University,Turkey,"30,713",27.6,12%,47 : 53
University of Gdańsk,Poland,"24,302",17.4,2%,69 : 31
Gdańsk University of Technology,Poland,"15,540",13.9,5%,40 : 60
Gebze Technical University,Turkey,"7,492",23.7,2%,37 : 63
"George Emil Palade University of Medicine, Pharmacy, Science, and Technology of Targu Mures",Romania,"10,629",20.3,8%,53 : 47
University of Ghana,Ghana,"39,872",25.4,1%,46 : 54
Gifu University,Japan,"7,203",7.5,4%,37 : 63
GITAM University,India,"19,012",15.5,1%,30 : 70
Government College University Lahore,Pakistan,"10,012",18.5,1%,41 : 59
Grigore T. Popa University of Medicine and Pharmacy,Romania,"9,416",11.1,26%,62 : 38
University of Guadalajara,Mexico,"127,330",56.8,0%,53 : 47
University of Guanajuato,Mexico,"27,203",19.8,3%,54 : 46
Guangxi University,China,"38,481",18.4,4%,47 : 53
Gubkin Russian State University of Oil and Gas,Russian Federation,"9,553",10.1,6%,37 : 63
University of Guilan,Iran,"17,364",29.8,1%,59 : 41
Gunma University,Japan,"6,344",7.7,4%,38 : 62
Gyeongsang National University,South Korea,"15,611",14.5,3%,45 : 55
Hakim Sabzevari University,Iran,"5,311",14.4,2%,53 : 47
Hallym University,South Korea,"8,383",10.4,5%,n/a
Hamamatsu University School of Medicine,Japan,"1,208",3.8,1%,49 : 51
Hanoi University of Science and Technology,Vietnam,"30,893",20.6,1%,26 : 74
Hashemite University,Jordan,"16,987",18.8,6%,62 : 38
Université Hassan II de Casablanca,Morocco,"117,685",35.3,2%,53 : 47
University of Havana,Cuba,"16,058",10.6,6%,60 : 40
Helwan University,Egypt,"114,062",22.1,1%,52 : 48
Hosei University,Japan,"30,662",40.8,3%,38 : 62
University of Hradec Králové,Czech Republic,"6,245",13.3,5%,66 : 34
Huaqiao University,China,"30,890",17.4,12%,51 : 49
University of Hyogo,Japan,"6,570",12.9,3%,41 : 59
Ibaraki University,Japan,"7,975",14.5,3%,36 : 64
Ibn Tofaïl University,Morocco,"47,086",76.1,2%,50 : 50
Immanuel Kant Baltic Federal University,Russian Federation,"7,282",10.4,9%,64 : 36
Incheon National University,South Korea,"13,468",17.4,3%,n/a
Indian Institute of Technology Patna,India,"1,535",13.0,0%,13 : 87
Industrial University of Santander (UIS),Colombia,"20,786",15.5,0%,45 : 55
IPB University,Indonesia,"22,258",8.3,3%,58 : 42
Irkutsk State University,Russian Federation,"12,577",12.5,5%,69 : 31
University of Isfahan,Iran,"15,139",23.1,2%,62 : 38
I-Shou University,Taiwan,"13,419",28.3,15%,49 : 51
The Islamia University of Bahawalpur,Pakistan,"15,509",27.4,0%,44 : 56
Istanbul Medipol University,Turkey,"18,780",23.5,4%,67 : 33
Ivane Javakhishvili Tbilisi State University,Georgia,"20,319",24.8,3%,61 : 39
Ivan Franko National University of Lviv,Ukraine,"18,646",10.2,1%,65 : 35
Iwate University,Japan,"5,436",14.0,3%,37 : 63
Izmir Institute of Technology,Turkey,"5,328",19.5,3%,46 : 54
James Madison University,United States,"21,315",17.9,2%,60 : 40
Jan Evangelista Purkyně University,Czech Republic,"7,438",17.7,3%,69 : 31
Jawaharlal Nehru Technological University Anantapur (JNTUA),India,"5,402",15.2,0%,42 : 58
Jeju National University,South Korea,"12,189",19.1,5%,52 : 48
Jeonbuk National University,South Korea,"20,555",20.4,6%,45 : 55
Jianghan University,China,"17,149",13.8,2%,55 : 45
Kagawa University,Japan,"6,377",9.9,2%,41 : 59
Kagoshima University,Japan,"10,539",10.2,3%,37 : 63
Kanagawa University,Japan,"18,090",14.9,3%,29 : 71
Kanazawa University,Japan,"10,341",9.8,6%,36 : 64
Kanazawa Medical University,Japan,"1,149",2.3,1%,n/a
Kangwon National University,South Korea,"21,454",21.3,3%,40 : 60
Kansai University,Japan,"30,766",12.3,3%,40 : 60
Kasetsart University,Thailand,"67,668",18.6,1%,58 : 42
Kaunas University of Technology,Lithuania,"9,587",14.8,6%,37 : 63
Kazan National Research Technical University ,Russian Federation,"6,993",11.1,11%,27 : 73
Kazan National Research Technological University,Russian Federation,"14,266",11.0,12%,45 : 55
Kharazmi University,Iran,"12,226",19.2,1%,56 : 44
Khon Kaen University,Thailand,"33,738",17.4,2%,62 : 38
KIIT University,India,"21,668",12.7,3%,48 : 52
King Faisal University,Saudi Arabia,"79,232",37.0,1%,43 : 57
King Mongkut’s Institute of Technology Ladkrabang,Thailand,"25,154",22.6,1%,52 : 48
King Mongkut's University of Technology North Bangkok,Thailand,"27,177",24.4,0%,43 : 57
Kitasato University,Japan,"8,561",5.4,0%,53 : 47
KL University,India,"16,930",14.8,2%,33 : 67
Kochi University,Japan,"5,423",7.9,1%,44 : 56
Kochi University of Technology,Japan,"2,477",20.2,2%,22 : 78
Kogakuin University,Japan,"6,278",17.8,1%,18 : 82
Kookmin University,South Korea,"17,467",11.9,11%,47 : 53
Universiti Kuala Lumpur,Malaysia,"15,533",12.1,2%,41 : 59
Kumamoto University,Japan,"10,045",7.8,7%,38 : 62
Kunming University of Science and Technology,China,"43,099",18.3,4%,34 : 66
Kuwait University,Kuwait,"36,853",23.3,14%,75 : 25
Kwansei Gakuin University,Japan,"25,417",24.3,3%,48 : 52
Kyoto Sangyo University,Japan,"13,151",22.6,2%,32 : 68
Kyoto Institute of Technology,Japan,"3,985",13.0,5%,27 : 73
Kyushu Institute of Technology (Kyutech),Japan,"5,649",16.2,5%,13 : 87
Latvia University of Life Sciences and Technologies,Latvia,"3,880",39.9,2%,50 : 50
Lebanese University,Lebanon,"49,737",15.5,16%,70 : 30
University of León,Spain,"12,803",15.8,16%,52 : 48
University of Lethbridge,Canada,"6,990",12.7,11%,n/a
L.N. Gumilyov Eurasian National University,Kazakhstan,"18,985",6.7,4%,n/a
Lobachevsky State University of Nizhni Novgorod,Russian Federation,"17,310",7.2,10%,53 : 47
University of Łódź,Poland,"25,026",12.3,10%,62 : 38
Lodz University of Technology,Poland,"15,442",12.8,4%,40 : 60
London South Bank University,United Kingdom,"11,560",15.7,33%,57 : 43
Londrina State University,Brazil,"26,470",15.3,1%,58 : 42
Lorestan University,Iran,"8,333",27.7,0%,57 : 43
University of Lucknow,India,"20,942",46.2,0%,46 : 54
Maharaja Sayajirao University of Baroda,India,"41,564",28.5,0%,55 : 45
Mahasarakham University,Thailand,"42,628",33.3,0%,67 : 33
University of Malaga,Spain,"35,376",12.7,9%,55 : 45
Universiti Malaysia Perlis,Malaysia,"11,212",12.7,6%,42 : 58
Universiti Malaysia Sarawak (UNIMAS),Malaysia,"16,217",18.6,6%,63 : 37
Manipal Academy of Higher Education,India,"22,843",9.1,12%,45 : 55
University of Manouba,Tunisia,"16,894",13.1,1%,62 : 38
University of Maribor,Slovenia,"11,488",13.0,6%,54 : 46
Marmara University,Turkey,"63,090",31.1,5%,50 : 50
University of Marrakech Cadi Ayyad,Morocco,"100,717",43.3,1%,48 : 52
University of Mazandaran,Iran,"12,452",32.1,2%,64 : 36
Meiji University,Japan,"33,449",11.7,5%,35 : 65
Meijo University,Japan,"15,437",31.8,1%,30 : 70
Mendel University in Brno,Czech Republic,"8,459",17.7,19%,58 : 42
Menoufia University,Egypt,"94,466",36.6,1%,45 : 55
M'Hamed Bougara University of Boumerdès,Algeria,"31,889",21.6,1%,58 : 42
Michoacán University of San Nicolás of Hidalgo,Mexico,"39,861",28.7,1%,53 : 47
Mie University,Japan,"7,247",8.6,4%,38 : 62
Ming Chuan University,Taiwan,"18,423",22.4,9%,60 : 40
Minia University,Egypt,"72,328",18.5,1%,59 : 41
MIREA - Russian Technological University,Russian Federation,"21,612",19.3,3%,32 : 68
University of Miskolc,Hungary,"9,322",18.0,4%,n/a
University of Miyazaki,Japan,"5,524",7.7,3%,35 : 65
Mohammed V University of Rabat,Morocco,"83,521",33.4,5%,57 : 43
University of Monastir,Tunisia,"18,876",9.4,1%,68 : 32
University of Montenegro,Montenegro,"18,275",26.4,2%,57 : 43
Morgan State University,United States,"7,120",13.8,13%,54 : 46
Moscow Aviation Institute,Russian Federation,"15,317",12.5,10%,28 : 72
Moscow Power Engineering Institute,Russian Federation,"12,082",18.1,10%,39 : 61
Multimedia University,Malaysia,"9,519",11.6,8%,45 : 55
University of Mumbai,India,"12,167",22.2,0%,43 : 57
University of Murcia,Spain,"27,120",15.7,8%,62 : 38
Muroran Institute of Technology,Japan,"3,334",18.4,4%,12 : 88
University of Mysore,India,"7,950",21.5,10%,40 : 60
Universidad Nacional del Litoral,Argentina,"45,401",30.2,0%,60 : 40
Nagaoka University of Technology,Japan,"2,301",11.2,12%,11 : 89
Nagasaki University,Japan,"9,090",7.1,4%,37 : 63
Nagoya City University,Japan,"4,412",7.4,2%,53 : 47
Nagoya Institute of Technology,Japan,"5,711",16.3,4%,16 : 84
Nanjing University of Aeronautics and Astronautics,China,"29,583",16.3,3%,28 : 72
Nara Medical University,Japan,"1,252",3.4,1%,46 : 54
Naresuan University,Thailand,"22,184",15.1,1%,63 : 37
National Changhua University of Education,Taiwan,"8,333",22.6,4%,49 : 51
National Chiayi University,Taiwan,"12,143",24.2,3%,48 : 52
National Chi Nan University,Taiwan,"6,143",15.6,12%,52 : 48
National Chin-Yi University of Technology,Taiwan,"7,316",24.1,5%,30 : 70
National Chung Cheng University,Taiwan,"10,195",15.1,5%,45 : 55
National Chung Hsing University,Taiwan,"15,184",16.6,7%,38 : 62
National University of Colombia,Colombia,"52,166",22.0,1%,38 : 62
National University of Córdoba,Argentina,"80,219",12.9,2%,62 : 38
National University of Cuyo,Argentina,"38,253",7.9,3%,74 : 26
National Ilan University,Taiwan,"5,470",23.3,3%,34 : 66
"National Institute of Technology, Tiruchirappalli",India,"5,848",17.3,8%,24 : 76
National University of Kaohsiung,Taiwan,"5,565",23.3,4%,41 : 59
National Polytechnic University (IPN),Mexico,"180,801",11.0,0%,39 : 61
National Research University of Electronic Technology (MIET),Russian Federation,"4,306",8.7,5%,28 : 72
National Research Saratov State University,Russian Federation,"9,782",9.2,8%,60 : 40
National University of San Martín,Argentina,"15,841",15.8,5%,65 : 35
National Taipei University,Taiwan,"8,636",16.5,4%,54 : 46
National Taiwan Ocean University,Taiwan,"8,655",21.5,9%,32 : 68
National Technical University Kharkiv Polytechnic Institute,Ukraine,"12,141",8.0,9%,31 : 69
National Technical University of Ukraine – Igor Sikorsky Kyiv Polytechnic Institute,Ukraine,"21,072",10.4,3%,39 : 61
National Yunlin University of Science and Technology,Taiwan,"9,200",25.2,5%,42 : 58
Nicolaus Copernicus University in Toruń,Poland,"21,990",11.3,3%,69 : 31
University of Nigeria Nsukka,Nigeria,"42,785",14.6,1%,49 : 51
Slovak University of Agriculture in Nitra,Slovakia,"5,707",12.8,3%,54 : 46
University of North Carolina Wilmington,United States,"14,865",18.8,2%,62 : 38
North China Electric Power University,China,"36,362",18.3,3%,35 : 65
"University of the North, Colombia",Colombia,"14,861",20.4,4%,50 : 50
North-Eastern Federal University,Russian Federation,"12,806",11.2,5%,54 : 46
Northwest University,China,"23,351",13.4,5%,56 : 44
University of Novi Sad,Serbia,"48,101",14.9,3%,55 : 45
Novosibirsk State Technical University,Russian Federation,"11,589",11.4,21%,52 : 48
Oakland University,United States,"15,441",18.1,4%,57 : 43
Obafemi Awolowo University,Nigeria,"29,423",23.5,0%,49 : 51
Ochanomizu University,Japan,"2,802",14.8,5%,100 : 0
Oita University,Japan,"5,645",9.0,1%,37 : 63
Omsk State Technical University,Russian Federation,"13,102",11.4,17%,37 : 63
Ondokuz Mayis University,Turkey,"37,333",28.1,10%,50 : 50
Osaka City University,Japan,"8,019",8.7,3%,36 : 64
Osaka Institute of Technology,Japan,"7,120",26.1,1%,12 : 88
Osaka Medical College,Japan,"1,224",2.7,1%,51 : 49
Osaka Prefecture University,Japan,"7,710",12.2,4%,36 : 64
University of Ostrava,Czech Republic,"8,796",17.7,9%,70 : 30
Padjadjaran University,Indonesia,"42,928",15.3,1%,59 : 41
University of Pardubice,Czech Republic,"6,961",13.1,8%,55 : 45
Paris Nanterre University,France,"32,742",35.6,17%,62 : 38
University of Patras,Greece,"25,636",27.3,5%,44 : 56
Pavol Jozef Šafárik University in Košice,Slovakia,"6,802",10.1,22%,65 : 35
Perm National Research Polytechnic University,Russian Federation,"8,257",9.8,9%,38 : 62
Perm State University,Russian Federation,"9,273",10.9,2%,62 : 38
Pirogov Russian National Research Medical University,Russian Federation,"8,225",6.3,6%,72 : 28
PMAS Arid Agriculture University Rawalpindi,Pakistan,"12,023",48.3,0%,38 : 62
Polytechnic Institute of Porto,Portugal,"18,259",16.8,6%,48 : 52
Polytechnic University of Bucharest,Romania,"29,699",23.1,3%,36 : 64
Polytechnic University of Timişoara,Romania,"12,762",20.6,2%,36 : 64
Pondicherry University,India,"6,940",20.1,1%,41 : 59
Pontifical Bolivarian University (UPB) – Medellín,Colombia,"15,400",14.0,2%,54 : 46
Pontifical Catholic University of Minas Gerais,Brazil,"65,117",39.5,0%,53 : 47
Pontifical Catholic University of Paraná,Brazil,"16,353",18.1,1%,53 : 47
Pontifical Catholic University of Peru,Peru,"25,807",7.4,2%,47 : 53
Pontifical Catholic University of Valparaíso,Chile,"16,511",24.1,1%,42 : 58
Port Said University,Egypt,"22,163",27.7,0%,47 : 53
Prince of Songkla University,Thailand,"37,788",15.6,2%,70 : 30
PSG College of Technology,India,"8,563",13.8,0%,38 : 62
Public University of Navarre,Spain,"7,481",11.7,8%,51 : 49
University of the Punjab,Pakistan,"27,907",24.8,0%,52 : 48
Qassim University,Saudi Arabia,"64,042",15.5,3%,66 : 34
Razi University,Iran,"12,266",29.3,1%,58 : 42
Recep Tayyip Erdoğan University,Turkey,"12,365",23.3,3%,51 : 49
University Rey Juan Carlos,Spain,"43,273",23.5,9%,58 : 42
Riga Technical University,Latvia,"11,134",31.0,12%,34 : 66
Rio de Janeiro State University (UERJ),Brazil,"24,286",9.8,0%,57 : 43
Ritsumeikan University,Japan,"35,401",18.3,8%,n/a
Robert Gordon University,United Kingdom,"9,684",20.1,23%,62 : 38
Russian Presidential Academy of National Economy and Public Administration,Russian Federation,"15,067",9.3,5%,57 : 43
Ryukoku University,Japan,"16,124",33.4,2%,37 : 63
University of the Ryukyus,Japan,"7,658",10.0,2%,38 : 62
University of La Sabana,Colombia,"11,904",18.8,3%,58 : 42
Saga University,Japan,"6,761",9.7,2%,40 : 60
Saitama University,Japan,"8,484",14.1,5%,33 : 67
Saitama Medical University,Japan,"1,904",1.5,0%,52 : 48
Sakarya University,Turkey,"51,273",31.7,5%,45 : 55
Samara University,Russian Federation,"9,806",10.5,13%,50 : 50
Samara State Technical University,Russian Federation,"14,126",15.8,3%,38 : 62
San Sebastián University,Chile,"17,617",9.2,0%,61 : 39
Santa Catarina State University,Brazil,"13,414",12.8,1%,52 : 48
"University of Santiago, Chile (USACH)",Chile,"23,469",25.4,3%,43 : 57
Sapporo Medical University,Japan,"1,305",3.3,0%,43 : 57
University of Sargodha,Pakistan,"20,999",23.3,0%,53 : 47
SASTRA University,India,"9,160",12.0,0%,46 : 54
Satbayev University,Kazakhstan,"8,610",16.0,2%,35 : 65
Sathyabama Institute of Science and Technology,India,"12,715",14.7,2%,46 : 54
Saveetha University,India,"9,409",6.5,1%,38 : 62
University of Sciences and Technology Houari Boumediene,Algeria,"42,174",23.1,0%,58 : 42
University of Science and Technology of Oran Mohamed-Boudiaf,Algeria,"21,290",11.1,2%,52 : 48
Sechenov University,Russian Federation,"15,840",7.7,18%,70 : 30
Selçuk University,Turkey,"46,791",21.9,4%,62 : 38
Semnan University,Iran,"14,773",14.6,1%,50 : 50
University of Seoul,South Korea,"9,461",17.2,6%,n/a
Seoul National University of Science and Technology (SeoulTech),South Korea,"11,299",17.9,6%,35 : 65
University of Sfax,Tunisia,"30,923",12.8,1%,68 : 32
Shahed University,Iran,"6,371",19.1,0%,51 : 49
Shahid Bahonar University of Kerman,Iran,"14,705",23.5,0%,60 : 40
​Shahid Chamran University of Ahvaz,Iran,"13,149",22.3,1%,60 : 40
Shahid Rajaee Teacher Training University,Iran,"9,738",45.9,0%,30 : 70
Shahrekord University,Iran,"7,166",22.4,0%,59 : 41
Shahrood University of Technology,Iran,"8,056",22.7,1%,42 : 58
Shibaura Institute of Technology Tokyo,Japan,"8,864",26.3,5%,18 : 82
Shiga University of Medical Science,Japan,"1,146",3.1,2%,49 : 51
Shimane University,Japan,"6,106",7.5,2%,37 : 63
Shinshu University,Japan,"10,768",10.3,3%,32 : 68
Shiraz University of Medical Sciences,Iran,"10,465",10.8,2%,55 : 45
Shizuoka University,Japan,"9,949",13.9,3%,29 : 71
University of Shizuoka,Japan,"3,099",11.6,3%,61 : 39
Showa University,Japan,"3,724",2.0,0%,59 : 41
Siberian Federal University,Russian Federation,"10,972",19.1,8%,36 : 64
Siksha ‘O’ Anusandhan,India,"12,143",9.7,0%,50 : 50
University of Silesia in Katowice,Poland,"24,535",13.3,3%,66 : 34
Silesian University of Technology,Poland,"17,892",11.9,2%,34 : 66
Silpakorn University,Thailand,"24,138",21.3,1%,69 : 31
Simón Bolívar University,Venezuela,"8,373",23.6,0%,46 : 54
University of Sistan and Baluchestan,Iran,"24,331",52.8,0%,50 : 50
Slovak University of Technology in Bratislava,Slovakia,"11,194",11.3,4%,32 : 68
Sofia University,Bulgaria,"21,735",7.1,6%,67 : 33
University of Sonora,Mexico,"30,218",18.3,1%,54 : 46
Soongsil University,South Korea,"15,979",19.9,9%,44 : 56
Sophia University,Japan,"13,511",24.8,11%,57 : 43
University of Sousse,Tunisia,"25,594",11.2,1%,67 : 33
University of South Africa,South Africa,"222,065",179.7,6%,69 : 31
University of South China,China,"26,083",11.0,1%,45 : 55
Southern Federal University,Russian Federation,"19,251",11.5,9%,55 : 45
South Ural State University,Russian Federation,"22,313",15.5,9%,43 : 57
South Valley University,Egypt,"47,430",58.1,0%,61 : 39
University of South Wales,United Kingdom,"15,478",15.4,19%,53 : 47
Southwest Jiaotong University,China,"41,878",17.1,2%,23 : 77
Srinakharinwirot University,Thailand,"22,649",17.2,0%,72 : 28
SRM Institute of Science and Technology,India,"51,528",15.6,2%,23 : 77
Staffordshire University,United Kingdom,"8,733",15.4,11%,49 : 51
State University of Maringá,Brazil,"22,727",12.1,1%,57 : 43
State University of Ponta Grossa,Brazil,"8,549",8.8,0%,54 : 46
State University of Santa Cruz,Brazil,"6,718",8.6,1%,61 : 39
St Marianna University School of Medicine,Japan,848,0.9,1%,35 : 65
St Petersburg Electrotechnical University (LETI),Russian Federation,"8,227",12.9,19%,30 : 70
Süleyman Demirel University,Turkey,"37,150",41.1,3%,50 : 50
Suranaree University of Technology,Thailand,"14,329",30.9,1%,55 : 45
SWPS University of Social Sciences and Humanities,Poland,"13,561",35.3,9%,74 : 26
Szent István University,Hungary,"13,198",17.9,11%,48 : 52
University of Talca,Chile,"11,310",15.7,1%,51 : 49
Tamil Nadu Agricultural University,India,"6,393",8.5,0%,65 : 35
Tamkang University,Taiwan,"25,343",24.5,8%,48 : 52
Tanta University,Egypt,"115,169",21.8,1%,42 : 58
University of Tarapacá,Chile,"8,703",27.4,2%,54 : 46
Taras Shevchenko National University of Kyiv,Ukraine,"23,687",8.9,4%,58 : 42
Technical University of Cluj-Napoca,Romania,"19,136",19.4,2%,36 : 64
Technical University of Košice,Slovakia,"9,110",12.0,13%,28 : 72
Technical University of Liberec,Czech Republic,"5,129",11.2,12%,53 : 47
"University of Technology, Iraq",Iraq,"10,417",6.7,0%,34 : 66
Universiti Teknikal Malaysia Melaka,Malaysia,"12,678",16.1,6%,39 : 61
Universiti Teknologi MARA,Malaysia,"56,945",17.8,0%,67 : 33
Institut Teknologi Sepuluh Nopember,Indonesia,"14,941",10.4,5%,28 : 72
Telkom University,Indonesia,"23,042",21.9,0%,41 : 59
Texas State University,United States,"31,872",19.4,1%,59 : 41
Tezpur University,India,"4,278",13.6,2%,39 : 61
Thammasat University,Thailand,"28,359",10.9,1%,64 : 36
University of Tlemcen,Algeria,"41,558",23.4,1%,67 : 33
TOBB University of Economics and Technology,Turkey,"5,839",14.7,0%,48 : 52
Toho University,Japan,"5,306",13.8,0%,52 : 48
Tokai University,Japan,"29,644",13.1,3%,27 : 73
Tokat Gaziosmanpaşa University,Turkey,"18,471",16.2,3%,52 : 48
Tokushima University,Japan,"7,553",9.2,3%,35 : 65
Tokyo University of Agriculture,Japan,"12,468",33.4,2%,42 : 58
Tokyo University of Agriculture and Technology,Japan,"5,767",15.2,6%,31 : 69
Tokyo City University,Japan,"7,389",14.6,1%,23 : 77
Tokyo Denki University,Japan,"9,262",25.0,2%,13 : 87
Tokyo University of Marine Science and Technology,Japan,"2,641",10.7,8%,34 : 66
Tokyo University of Science,Japan,"18,578",24.8,2%,24 : 76
Tomas Bata University in Zlín,Czech Republic,"8,389",18.8,11%,58 : 42
Tomsk State University of Control Systems and Radioelectronics,Russian Federation,"6,409",15.2,17%,36 : 64
Tottori University,Japan,"6,040",7.6,2%,37 : 63
University of Toyama,Japan,"9,120",12.0,4%,40 : 60
Toyo University,Japan,"31,588",26.5,6%,42 : 58
Toyohashi University of Technology (TUT),Japan,"2,059",8.8,9%,10 : 90
Transilvania University of Brașov,Romania,"19,123",21.5,1%,52 : 48
University of Trás-os-Montes and Alto Douro,Portugal,"6,515",11.4,4%,56 : 44
Tshwane University of Technology,South Africa,"40,869",35.2,3%,56 : 44
Tunghai University,Taiwan,"16,080",22.6,7%,54 : 46
University of Tunis El Manar,Tunisia,"30,817",8.9,2%,67 : 33
Tzu Chi University,Taiwan,"3,524",9.9,12%,61 : 39
Ufa State Aviation Technical University,Russian Federation,"14,021",13.9,1%,36 : 64
Umm Al-Qura University,Saudi Arabia,"30,043",8.3,10%,33 : 67
Unisinos University,Brazil,"12,040",19.9,1%,52 : 48
Ural Federal University,Russian Federation,"26,807",12.9,13%,48 : 52
Urmia University,Iran,"14,834",30.5,0%,50 : 50
Utsunomiya University,Japan,"4,847",13.4,4%,37 : 63
University of Valladolid,Spain,"22,420",11.9,7%,53 : 47
University of Valparaíso,Chile,"16,682",18.8,4%,58 : 42
"University of Veterinary and Animal Sciences, Lahore",Pakistan,"6,578",31.3,0%,48 : 52
Vietnam National University (Ho Chi Minh City),Vietnam,"61,531",21.1,1%,44 : 56
"Visvesvaraya National Institute of Technology, Nagpur",India,"4,303",17.2,3%,25 : 75
V.N. Karazin Kharkiv National University,Ukraine,"17,113",8.8,27%,55 : 45
Voronezh State University,Russian Federation,"16,823",12.0,16%,55 : 45
VSB - Technical University of Ostrava,Czech Republic,"11,845",13.9,13%,35 : 65
Vytautas Magnus University,Lithuania,"8,269",14.6,15%,68 : 32
Warsaw University of Life Sciences – SGGW,Poland,"16,838",13.2,5%,59 : 41
Warsaw University of Technology,Poland,"24,376",10.9,6%,35 : 65
Wenzhou Medical University,China,"16,757",11.8,5%,62 : 38
University of West Bohemia,Czech Republic,"11,730",15.9,4%,54 : 46
Western Michigan University,United States,"19,273",21.8,7%,52 : 48
Western Paraná State University (Unioeste),Brazil,"11,935",9.2,0%,52 : 48
West University of Timişoara,Romania,"14,027",19.5,5%,64 : 36
Wrocław University of Environmental and Life Sciences,Poland,"8,540",12.2,6%,68 : 32
Wrocław University of Science and Technology,Poland,"26,064",30.9,4%,34 : 66
University of Wrocław,Poland,"22,175",13.9,6%,69 : 31
Xiangtan University,China,"31,743",21.3,2%,53 : 47
Yamagata University,Japan,"8,905",8.6,2%,35 : 65
Yamaguchi University,Japan,"10,693",10.9,6%,37 : 63
University of Yamanashi,Japan,"4,692",6.4,4%,32 : 68
Yanshan University,China,"35,554",16.4,1%,39 : 61
Yarmouk University,Jordan,"33,270",28.8,9%,62 : 38
Yazd University,Iran,"14,289",30.1,1%,58 : 42
Yeditepe University,Turkey,"19,415",35.2,2%,55 : 45
Yıldız Technical University,Turkey,"34,336",36.8,5%,40 : 60
Yokohama National University,Japan,"9,859",12.4,7%,29 : 71
Yuan Ze University,Taiwan,"8,188",19.7,7%,42 : 58
Yuriy Fedkovych Chernivtsi National University,Ukraine,"12,616",10.7,0%,57 : 43
Zagazig University,Egypt,"156,270",24.4,2%,54 : 46
University of Zagreb,Croatia,"59,336",15.3,3%,59 : 41
University of Žilina,Slovakia,"7,136",11.7,2%,34 : 66
